Date,äîâø,èoóàçÇ,îÑè„çÇâcã∆óòâvó¶,âcã∆óòâvê¨í∑ó¶,îÑè„çÇê¨í∑ó¶,òJì≠ê∂éYê´ê¨í∑ó¶,ìäâ∫éëñ{óòâvó¶,å§ãÜäJî≠î‰ó¶,à◊ë÷ÉåÅ[Ég
2019/1/4,1792,2125300,8.79,-8.02,1.69,-0.64,4.28,28.76,110.91
2019/1/7,1817,1800400,8.78,-7.93,1.68,-0.63,4.27,28.76,107.73
2019/1/8,1794,1790200,8.77,-7.85,1.67,-0.62,4.26,28.76,108.49
2019/1/9,1804,1975600,8.76,-7.76,1.66,-0.61,4.25,28.76,108.8
2019/1/10,1787,1694600,8.75,-7.68,1.65,-0.6,4.24,28.76,108.76
2019/1/11,1775,2736500,8.74,-7.59,1.64,-0.59,4.23,28.76,108.2
2019/1/15,1719,4586100,8.73,-7.51,1.63,-0.58,4.22,28.76,108.47
2019/1/16,1765,4095100,8.72,-7.42,1.62,-0.57,4.21,28.76,108.42
2019/1/17,1736,2544400,8.71,-7.34,1.61,-0.56,4.2,28.76,108.49
2019/1/18,1768,1545700,8.7,-7.26,1.6,-0.55,4.19,28.76,109
2019/1/21,1770,1589200,8.69,-7.17,1.59,-0.54,4.18,28.76,109.36
2019/1/22,1772,1312500,8.68,-7.09,1.58,-0.53,4.17,28.76,109.68
2019/1/23,1757,1249300,8.67,-7,1.57,-0.53,4.16,28.76,109.69
2019/1/24,1746,1389400,8.66,-6.92,1.56,-0.52,4.15,28.77,109.47
2019/1/25,1736,1363000,8.64,-6.83,1.54,-0.51,4.14,28.77,109.6
2019/1/28,1719,1466900,8.63,-6.75,1.53,-0.5,4.13,28.77,109.78
2019/1/29,1756,2110600,8.62,-6.66,1.52,-0.49,4.12,28.77,109.32
2019/1/30,1731,1542900,8.61,-6.58,1.51,-0.48,4.11,28.77,109.21
2019/1/31,1742,1470400,8.6,-6.49,1.5,-0.47,4.1,28.77,109.43
2019/2/1,1566,6261300,8.59,-6.41,1.49,-0.46,4.09,28.77,108.98
2019/2/4,1550,3881200,8.58,-6.33,1.48,-0.45,4.08,28.77,108.91
2019/2/5,1554,2740800,8.57,-6.24,1.47,-0.44,4.07,28.77,109.53
2019/2/6,1552,1936500,8.56,-6.16,1.46,-0.43,4.06,28.77,110.03
2019/2/7,1531,2134600,8.55,-6.07,1.45,-0.42,4.05,28.77,109.88
2019/2/8,1521,2157200,8.54,-5.99,1.44,-0.41,4.04,28.77,109.95
2019/2/12,1542,2240700,8.53,-5.9,1.43,-0.4,4.03,28.77,109.87
2019/2/13,1522,2380900,8.52,-5.82,1.42,-0.39,4.02,28.78,110.51
2019/2/14,1524,2234600,8.51,-5.73,1.41,-0.38,4.01,28.78,110.56
2019/2/15,1521,2049200,8.5,-5.65,1.4,-0.37,4,28.78,110.99
2019/2/18,1540,1448700,8.49,-5.57,1.39,-0.36,3.99,28.78,110.45
2019/2/19,1545,1339400,8.48,-5.48,1.38,-0.36,3.98,28.78,110.54
2019/2/20,1549,1582000,8.47,-5.4,1.37,-0.35,3.97,28.78,110.58
2019/2/21,1564,2164300,8.46,-5.31,1.36,-0.34,3.96,28.78,110.76
2019/2/22,1564,1311500,8.45,-5.23,1.35,-0.33,3.95,28.78,110.7
2019/2/25,1553,1343000,8.44,-5.14,1.34,-0.32,3.94,28.78,110.78
2019/2/26,1551,1084500,8.43,-5.06,1.33,-0.31,3.93,28.78,110.82
2019/2/27,1553,1425600,8.42,-4.97,1.32,-0.3,3.91,28.78,111.04
2019/2/28,1560,2673300,8.41,-4.89,1.31,-0.29,3.9,28.78,110.58
2019/3/1,1572,1509500,8.4,-4.81,1.3,-0.28,3.89,28.79,110.91
2019/3/4,1569,1145600,8.39,-4.72,1.29,-0.27,3.88,28.79,111.53
2019/3/5,1578,1278300,8.38,-4.64,1.28,-0.26,3.87,28.79,112.01
2019/3/6,1574,1620700,8.37,-4.55,1.27,-0.25,3.86,28.79,111.91
2019/3/7,1579,1939500,8.36,-4.47,1.26,-0.24,3.85,28.79,111.82
2019/3/8,1558,1910100,8.34,-4.38,1.24,-0.23,3.84,28.79,111.7
2019/3/11,1562,796000,8.33,-4.3,1.23,-0.22,3.83,28.79,111.58
2019/3/12,1580,988100,8.32,-4.21,1.22,-0.21,3.82,28.79,110.96
2019/3/13,1575,747800,8.31,-4.13,1.21,-0.2,3.81,28.79,111.47
2019/3/14,1585,868900,8.3,-4.04,1.2,-0.19,3.8,28.79,111.32
2019/3/15,1617,2992400,8.29,-3.96,1.19,-0.19,3.79,28.79,111.3
2019/3/18,1627,889900,8.28,-3.88,1.18,-0.18,3.78,28.79,111.94
2019/3/19,1630,1177800,8.27,-3.79,1.17,-0.17,3.77,28.79,111.58
2019/3/20,1630,1320100,8.26,-3.71,1.16,-0.16,3.76,28.8,111.31
2019/3/22,1646,2985900,8.25,-3.62,1.15,-0.15,3.75,28.8,111.66
2019/3/25,1627,1003900,8.24,-3.54,1.14,-0.14,3.74,28.8,110.73
2019/3/26,1683,1863000,8.23,-3.45,1.13,-0.13,3.73,28.8,109.93
2019/3/27,1687,1061200,8.22,-3.37,1.12,-0.12,3.72,28.8,110.21
2019/3/28,1657,998800,8.21,-3.28,1.11,-0.11,3.71,28.8,110.53
2019/3/29,1653,1860400,8.2,-3.2,1.1,-0.1,3.7,28.8,110.35
2019/4/1,1655,876800,8.24,-2.67,1.05,-0.06,3.7,28.8,111.01
2019/4/2,1644,1356700,8.27,-2.14,1.01,-0.03,3.69,28.79,111.1
2019/4/3,1627,1200000,8.31,-1.61,0.96,0.01,3.69,28.79,111.44
2019/4/4,1618,1195300,8.35,-1.08,0.91,0.04,3.69,28.78,111.53
2019/4/5,1612,1207600,8.39,-0.56,0.86,0.08,3.69,28.78,111.52
2019/4/8,1612,845600,8.42,-0.03,0.82,0.11,3.68,28.77,111.82
2019/4/9,1604,545700,8.46,0.5,0.77,0.15,3.68,28.77,111.48
2019/4/10,1599,797500,8.5,1.03,0.72,0.18,3.68,28.76,111.4
2019/4/11,1605,801500,8.54,1.56,0.67,0.22,3.67,28.76,111.2
2019/4/12,1596,1564600,8.57,2.09,0.63,0.25,3.67,28.75,111.11
2019/4/15,1607,1383500,8.61,2.62,0.58,0.29,3.67,28.75,111.81
2019/4/16,1604,1484400,8.65,3.15,0.53,0.32,3.67,28.75,112.02
2019/4/17,1605,1113200,8.68,3.67,0.48,0.36,3.66,28.74,111.99
2019/4/18,1604,1097800,8.72,4.2,0.44,0.39,3.66,28.74,112.16
2019/4/19,1603,629800,8.76,4.73,0.39,0.43,3.66,28.73,112
2019/4/22,1634,843500,8.8,5.26,0.34,0.46,3.65,28.73,112.01
2019/4/23,1655,1209700,8.83,5.79,0.29,0.5,3.65,28.72,112.03
2019/4/24,1661,1374500,8.87,6.32,0.25,0.53,3.65,28.72,111.87
2019/4/25,1677,1288100,8.91,6.85,0.2,0.57,3.64,28.71,111.96
2019/4/26,1675,1816200,8.95,7.38,0.15,0.61,3.64,28.71,112.28
2019/5/7,1675,1575000,8.98,7.91,0.1,0.64,3.64,28.7,111.87
2019/5/8,1655,1526000,9.02,8.43,0.06,0.68,3.64,28.7,110.7
2019/5/9,1612,1987100,9.06,8.96,0.01,0.71,3.63,28.7,110.19
2019/5/10,1743,3843800,9.09,9.49,-0.04,0.75,3.63,28.69,109.99
2019/5/13,1797,3508100,9.13,10.02,-0.09,0.78,3.63,28.69,109.92
2019/5/14,1752,2294600,9.17,10.55,-0.13,0.82,3.62,28.68,109.74
2019/5/15,1775,1537600,9.21,11.08,-0.18,0.85,3.62,28.68,109.43
2019/5/16,1818,2086000,9.24,11.61,-0.23,0.89,3.62,28.67,109.62
2019/5/17,1809,1794300,9.28,12.14,-0.28,0.92,3.62,28.67,109.51
2019/5/20,1821,1084200,9.32,12.66,-0.32,0.96,3.61,28.66,109.99
2019/5/21,1825,899800,9.36,13.19,-0.37,0.99,3.61,28.66,110.19
2019/5/22,1807,1066600,9.39,13.72,-0.42,1.03,3.61,28.65,110.18
2019/5/23,1809,1001500,9.43,14.25,-0.47,1.06,3.6,28.65,110.51
2019/5/24,1823,1510400,9.47,14.78,-0.51,1.1,3.6,28.64,110.28
2019/5/27,1794,913400,9.51,15.31,-0.56,1.13,3.6,28.64,109.76
2019/5/28,1802,1239600,9.54,15.84,-0.61,1.17,3.6,28.64,109.49
2019/5/29,1789,1248100,9.58,16.37,-0.66,1.2,3.59,28.63,109.6
2019/5/30,1753,1612900,9.62,16.89,-0.7,1.24,3.59,28.63,109.3
2019/5/31,1726,1908500,9.65,17.42,-0.75,1.28,3.59,28.62,109.58
2019/6/3,1726,1541600,9.69,17.95,-0.8,1.31,3.58,28.62,109.37
2019/6/4,1695,2555600,9.73,18.48,-0.85,1.35,3.58,28.61,108.34
2019/6/5,1726,1944700,9.77,19.01,-0.89,1.38,3.58,28.61,107.92
2019/6/6,1738,1048000,9.8,19.54,-0.94,1.42,3.58,28.6,108.13
2019/6/7,1748,912400,9.84,20.07,-0.99,1.45,3.57,28.6,108.41
2019/6/10,1768,1105600,9.88,20.6,-1.04,1.49,3.57,28.59,108.53
2019/6/11,1783,1203900,9.92,21.13,-1.08,1.52,3.57,28.59,108.52
2019/6/12,1780,1443200,9.95,21.65,-1.13,1.56,3.56,28.59,108.51
2019/6/13,1790,1287500,9.99,22.18,-1.18,1.59,3.56,28.58,108.56
2019/6/14,1777,1688400,10.03,22.71,-1.23,1.63,3.56,28.58,108.53
2019/6/17,1769,1133100,10.06,23.24,-1.27,1.66,3.55,28.57,108.43
2019/6/18,1773,924900,10.1,23.77,-1.32,1.7,3.55,28.57,108.66
2019/6/19,1786,1213200,10.14,24.3,-1.37,1.73,3.55,28.56,108.57
2019/6/20,1778,1148900,10.18,24.83,-1.42,1.77,3.55,28.56,108.57
2019/6/21,1734,2024900,10.21,25.36,-1.46,1.8,3.54,28.55,107.8
2019/6/24,1727,1316400,10.25,25.88,-1.51,1.84,3.54,28.55,107.37
2019/6/25,1753,1447300,10.29,26.41,-1.56,1.88,3.54,28.54,107.4
2019/6/26,1744,905800,10.33,26.94,-1.61,1.91,3.53,28.54,107.34
2019/6/27,1737,1359400,10.36,27.47,-1.65,1.95,3.53,28.54,107.37
2019/6/28,1746,1224700,10.4,28,-1.7,1.98,3.53,28.53,107.72
2019/7/1,1745,1684600,10.38,27.67,-1.7,2.02,3.53,28.53,107.75
2019/7/2,1775,1913300,10.35,27.35,-1.69,2.05,3.52,28.52,108.26
2019/7/3,1763,1336900,10.33,27.02,-1.69,2.09,3.52,28.52,108.47
2019/7/4,1768,680000,10.3,26.7,-1.68,2.12,3.52,28.51,107.71
2019/7/5,1761,920500,10.28,26.37,-1.68,2.16,3.51,28.51,107.81
2019/7/8,1745,1005900,10.25,26.05,-1.67,2.19,3.51,28.5,107.91
2019/7/9,1743,992800,10.23,25.72,-1.67,2.23,3.51,28.5,108.55
2019/7/10,1749,1086100,10.21,25.39,-1.66,2.26,3.51,28.49,108.88
2019/7/11,1759,621000,10.18,25.07,-1.66,2.3,3.5,28.49,109.01
2019/7/12,1750,808300,10.16,24.74,-1.65,2.33,3.5,28.49,108.2
2019/7/16,1734,1083900,10.13,24.42,-1.65,2.37,3.5,28.48,108.57
2019/7/17,1707,1534200,10.11,24.09,-1.64,2.4,3.49,28.48,107.97
2019/7/18,1685,1458000,10.09,23.76,-1.64,2.44,3.49,28.47,108.31
2019/7/19,1723,1053600,10.06,23.44,-1.63,2.47,3.49,28.47,107.84
2019/7/22,1694,830900,10.04,23.11,-1.63,2.51,3.49,28.46,107.55
2019/7/23,1681,1032700,10.01,22.79,-1.62,2.55,3.48,28.46,107.99
2019/7/24,1691,1120100,9.99,22.46,-1.62,2.58,3.48,28.45,108.05
2019/7/25,1678,852200,9.96,22.14,-1.61,2.62,3.48,28.45,108.21
2019/7/26,1668,1008700,9.94,21.81,-1.61,2.65,3.47,28.44,108.22
2019/7/29,1669,1191300,9.92,21.48,-1.6,2.69,3.47,28.44,108.74
2019/7/30,1783,3695300,9.89,21.16,-1.6,2.72,3.47,28.43,108.47
2019/7/31,1829,3591500,9.87,20.83,-1.59,2.76,3.46,28.43,108.89
2019/8/1,1826,1306500,9.84,20.51,-1.59,2.79,3.46,28.43,108.64
2019/8/2,1812,1542600,9.82,20.18,-1.58,2.83,3.46,28.42,109.27
2019/8/5,1784,1753100,9.8,19.85,-1.58,2.86,3.46,28.42,107.17
2019/8/6,1771,1378100,9.77,19.53,-1.57,2.9,3.45,28.41,106.36
2019/8/7,1762,1782900,9.75,19.2,-1.57,2.93,3.45,28.41,105.86
2019/8/8,1755,1590800,9.72,18.88,-1.56,2.97,3.45,28.4,106.15
2019/8/9,1785,1235300,9.7,18.55,-1.56,3,3.44,28.4,106.11
2019/8/13,1788,1799200,9.67,18.23,-1.55,3.04,3.44,28.39,106.02
2019/8/14,1791,1082400,9.65,17.9,-1.55,3.07,3.44,28.39,105.43
2019/8/15,1780,854200,9.63,17.57,-1.55,3.11,3.44,28.38,106.4
2019/8/16,1778,1034100,9.6,17.25,-1.54,3.14,3.43,28.38,106.05
2019/8/19,1775,843200,9.58,16.92,-1.54,3.18,3.43,28.38,106.15
2019/8/20,1783,1534400,9.55,16.6,-1.53,3.22,3.43,28.37,106.43
2019/8/21,1777,835800,9.53,16.27,-1.53,3.25,3.42,28.37,106.65
2019/8/22,1777,913800,9.5,15.95,-1.52,3.29,3.42,28.36,106.37
2019/8/23,1778,1176000,9.48,15.62,-1.52,3.32,3.42,28.36,106.59
2019/8/26,1776,1379700,9.46,15.29,-1.51,3.36,3.42,28.35,106.66
2019/8/27,1792,938100,9.43,14.97,-1.51,3.39,3.41,28.35,105.1
2019/8/28,1807,1572800,9.41,14.64,-1.5,3.43,3.41,28.34,105.86
2019/8/29,1807,758700,9.38,14.32,-1.5,3.46,3.41,28.34,105.73
2019/8/30,1810,1227000,9.36,13.99,-1.49,3.5,3.4,28.33,106.04
2019/9/2,1813,894800,9.34,13.66,-1.49,3.53,3.4,28.33,106.47
2019/9/3,1821,886200,9.31,13.34,-1.48,3.57,3.4,28.33,106.13
2019/9/4,1818,838300,9.29,13.01,-1.48,3.6,3.4,28.32,106.32
2019/9/5,1795,2065900,9.26,12.69,-1.47,3.64,3.39,28.32,105.92
2019/9/6,1767,2433900,9.24,12.36,-1.47,3.67,3.39,28.31,106.44
2019/9/9,1803,1222900,9.21,12.04,-1.46,3.71,3.39,28.31,107.1
2019/9/10,1763,1593300,9.19,11.71,-1.46,3.74,3.38,28.3,106.97
2019/9/11,1798,1595900,9.17,11.38,-1.45,3.78,3.38,28.3,107.45
2019/9/12,1804,1690900,9.14,11.06,-1.45,3.81,3.38,28.29,107.66
2019/9/13,1852,2811300,9.12,10.73,-1.44,3.85,3.37,28.29,108.09
2019/9/17,1863,1533300,9.09,10.41,-1.44,3.89,3.37,28.28,108.25
2019/9/18,1895,2508500,9.07,10.08,-1.43,3.92,3.37,28.28,108.22
2019/9/19,1906,1576900,9.05,9.75,-1.43,3.96,3.37,28.28,108.21
2019/9/20,1918,2519300,9.02,9.43,-1.42,3.99,3.36,28.27,108.42
2019/9/24,1924,1086400,9,9.1,-1.42,4.03,3.36,28.27,108.06
2019/9/25,1934,1139800,8.97,8.78,-1.41,4.06,3.36,28.26,107.69
2019/9/26,1927,1373400,8.95,8.45,-1.41,4.1,3.35,28.26,107.11
2019/9/27,1936,1191400,8.92,8.13,-1.4,4.13,3.35,28.25,107.74
2019/9/30,1921,1197900,8.9,7.8,-1.4,4.17,3.35,28.25,107.83
2019/10/1,1938,1054000,8.92,7.89,-1.4,4.2,3.35,28.24,107.96
2019/10/2,1937,1159700,8.94,7.97,-1.41,4.24,3.34,28.24,108.16
2019/10/3,1870,1656600,8.96,8.06,-1.41,4.27,3.34,28.23,107.73
2019/10/4,1893,1045400,8.98,8.14,-1.42,4.31,3.34,28.23,107.09
2019/10/7,1894,707000,9,8.23,-1.42,4.34,3.33,28.22,106.86
2019/10/8,1887,1096900,9.02,8.31,-1.43,4.38,3.33,28.22,106.78
2019/10/9,1888,1099000,9.04,8.4,-1.43,4.41,3.33,28.22,107.4
2019/10/10,1876,1236000,9.05,8.48,-1.44,4.45,3.33,28.21,107.1
2019/10/11,1884,1240200,9.07,8.57,-1.44,4.49,3.32,28.21,107.37
2019/10/15,1930,1467900,9.09,8.65,-1.45,4.52,3.32,28.2,108.11
2019/10/16,1931,1488300,9.11,8.74,-1.45,4.56,3.32,28.2,108.41
2019/10/17,1919,1071200,9.13,8.83,-1.46,4.59,3.31,28.19,108.74
2019/10/18,1895,1116300,9.15,8.91,-1.46,4.63,3.31,28.19,108.73
2019/10/21,1906,588200,9.17,9,-1.47,4.66,3.31,28.18,108.72
2019/10/23,1910,1355100,9.19,9.08,-1.47,4.7,3.3,28.18,108.52
2019/10/24,1926,813200,9.21,9.17,-1.48,4.73,3.3,28.17,108.4
2019/10/25,1923,1065400,9.23,9.25,-1.48,4.77,3.3,28.17,108.69
2019/10/28,1902,778300,9.25,9.34,-1.49,4.8,3.3,28.17,108.74
2019/10/29,1920,887200,9.27,9.42,-1.49,4.84,3.29,28.16,108.79
2019/10/30,1953,1447300,9.29,9.51,-1.5,4.87,3.29,28.16,109.02
2019/10/31,1940,1198800,9.31,9.6,-1.5,4.91,3.29,28.15,108.87
2019/11/1,1952,927100,9.33,9.68,-1.51,4.94,3.28,28.15,108.87
2019/11/5,1958,2122100,9.35,9.77,-1.51,4.98,3.28,28.14,108.01
2019/11/6,1847,4217700,9.36,9.85,-1.52,5.01,3.28,28.14,108.79
2019/11/7,1767,4874900,9.38,9.94,-1.52,5.05,3.28,28.13,109.09
2019/11/8,1741,4043900,9.4,10.02,-1.53,5.08,3.27,28.13,108.94
2019/11/11,1782,2436500,9.42,10.11,-1.53,5.12,3.27,28.12,109.39
2019/11/12,1724,3453300,9.44,10.19,-1.54,5.16,3.27,28.12,109.18
2019/11/13,1701,2901200,9.46,10.28,-1.54,5.19,3.26,28.12,109.18
2019/11/14,1680,2757800,9.48,10.36,-1.55,5.23,3.26,28.11,108.92
2019/11/15,1714,2697000,9.5,10.45,-1.55,5.26,3.26,28.11,108.81
2019/11/18,1723,2077800,9.52,10.54,-1.55,5.3,3.26,28.1,108.62
2019/11/19,1722,1478800,9.54,10.62,-1.56,5.33,3.25,28.1,108.8
2019/11/20,1726,1312300,9.56,10.71,-1.56,5.37,3.25,28.09,108.55
2019/11/21,1732,1862200,9.58,10.79,-1.57,5.4,3.25,28.09,108.61
2019/11/22,1708,1597100,9.6,10.88,-1.57,5.44,3.24,28.08,108.43
2019/11/25,1731,1139100,9.62,10.96,-1.58,5.47,3.24,28.08,108.69
2019/11/26,1734,2133600,9.64,11.05,-1.58,5.51,3.24,28.07,108.81
2019/11/27,1723,1380800,9.65,11.13,-1.59,5.54,3.24,28.07,109.06
2019/11/28,1716,1018800,9.67,11.22,-1.59,5.58,3.23,28.07,109.15
2019/11/29,1718,1261500,9.69,11.3,-1.6,5.61,3.23,28.06,109.39
2019/12/2,1729,838800,9.71,11.39,-1.6,5.65,3.23,28.06,109.56
2019/12/3,1710,1177100,9.73,11.48,-1.61,5.68,3.22,28.05,109.67
2019/12/4,1721,1105100,9.75,11.56,-1.61,5.72,3.22,28.05,109.16
2019/12/5,1711,1928300,9.77,11.65,-1.62,5.75,3.22,28.04,108.57
2019/12/6,1715,1141200,9.79,11.73,-1.62,5.79,3.21,28.04,108.9
2019/12/9,1716,976500,9.81,11.82,-1.63,5.83,3.21,28.03,108.81
2019/12/10,1699,1901500,9.83,11.9,-1.63,5.86,3.21,28.03,108.6
2019/12/11,1703,2033000,9.85,11.99,-1.64,5.9,3.21,28.02,108.68
2019/12/12,1700,1273000,9.87,12.07,-1.64,5.93,3.2,28.02,108.78
2019/12/13,1721,2574200,9.89,12.16,-1.65,5.97,3.2,28.01,108.52
2019/12/16,1706,1247700,9.91,12.25,-1.65,6,3.2,28.01,109.56
2019/12/17,1714,1467700,9.93,12.33,-1.66,6.04,3.19,28.01,109.43
2019/12/18,1714,1225100,9.95,12.42,-1.66,6.07,3.19,28,109.56
2019/12/19,1712,1111900,9.96,12.5,-1.67,6.11,3.19,28,109.58
2019/12/20,1719,2144900,9.98,12.59,-1.67,6.14,3.19,27.99,109.72
2019/12/23,1721,1087900,10,12.67,-1.68,6.18,3.18,27.99,109.43
2019/12/24,1728,1267900,10.02,12.76,-1.68,6.21,3.18,27.98,109.47
2019/12/25,1698,1225100,10.04,12.84,-1.69,6.25,3.18,27.98,109.47
2019/12/26,1734,1578700,10.06,12.93,-1.69,6.28,3.17,27.97,109.36
2019/12/27,1727,1027600,10.08,13.01,-1.7,6.32,3.17,27.97,109.59
2019/12/30,1709,1088600,10.1,13.1,-1.7,6.35,3.17,27.96,109.68
2020/1/6,1665,1765700,10.08,12.98,-1.69,6.39,3.17,27.96,109.55
2020/1/7,1693,1504200,10.06,12.87,-1.69,6.42,3.16,27.96,108.12
2020/1/8,1668,1816600,10.04,12.75,-1.68,6.46,3.16,27.95,108.45
2020/1/9,1707,1477200,10.02,12.64,-1.67,6.5,3.16,27.95,107.85
2020/1/10,1714,1249100,10.01,12.52,-1.67,6.53,3.15,27.94,109.25
2020/1/14,1715,1070000,9.99,12.41,-1.66,6.57,3.15,27.94,109.55
2020/1/15,1719,1214800,9.97,12.29,-1.65,6.6,3.15,27.93,110.16
2020/1/16,1724,1011300,9.95,12.18,-1.64,6.64,3.15,27.93,109.95
2020/1/17,1707,1684400,9.93,12.06,-1.64,6.67,3.14,27.92,109.96
2020/1/20,1711,650500,9.91,11.94,-1.63,6.71,3.14,27.92,110.33
2020/1/21,1694,1126500,9.89,11.83,-1.62,6.74,3.14,27.91,110.19
2020/1/22,1714,1074000,9.87,11.71,-1.62,6.78,3.13,27.91,110.24
2020/1/23,1704,940000,9.85,11.6,-1.61,6.81,3.13,27.91,109.91
2020/1/24,1700,828500,9.83,11.48,-1.6,6.85,3.13,27.9,109.72
2020/1/27,1691,1203100,9.82,11.37,-1.6,6.88,3.12,27.9,109.59
2020/1/28,1683,904000,9.8,11.25,-1.59,6.92,3.12,27.89,109.06
2020/1/29,1690,764600,9.78,11.14,-1.58,6.95,3.12,27.89,108.9
2020/1/30,1670,1209300,9.76,11.02,-1.58,6.99,3.12,27.88,109.11
2020/1/31,1700,2299500,9.74,10.91,-1.57,7.02,3.11,27.88,109.01
2020/2/3,1804,5456500,9.72,10.79,-1.56,7.06,3.11,27.87,109.07
2020/2/4,1828,2797200,9.7,10.67,-1.56,7.1,3.11,27.87,108.55
2020/2/5,1834,1907300,9.68,10.56,-1.55,7.13,3.1,27.86,108.64
2020/2/6,1867,3188500,9.66,10.44,-1.54,7.17,3.1,27.86,109.46
2020/2/7,1843,1693800,9.64,10.33,-1.53,7.2,3.1,27.86,109.89
2020/2/10,1837,1621000,9.63,10.21,-1.53,7.24,3.1,27.85,109.92
2020/2/12,1870,2113200,9.61,10.1,-1.52,7.27,3.09,27.85,109.67
2020/2/13,1856,1677700,9.59,9.98,-1.51,7.31,3.09,27.84,109.87
2020/2/14,1878,1977400,9.57,9.87,-1.51,7.34,3.09,27.84,109.91
2020/2/17,1850,1546800,9.55,9.75,-1.5,7.38,3.08,27.83,109.89
2020/2/18,1845,2225500,9.53,9.63,-1.49,7.41,3.08,27.83,109.8
2020/2/19,1865,2017700,9.51,9.52,-1.49,7.45,3.08,27.82,109.86
2020/2/20,1871,1863500,9.49,9.4,-1.48,7.48,3.08,27.82,109.92
2020/2/21,1854,1826400,9.47,9.29,-1.47,7.52,3.07,27.81,111.28
2020/2/25,1794,2738400,9.46,9.17,-1.47,7.55,3.07,27.81,112.11
2020/2/26,1788,1721300,9.44,9.06,-1.46,7.59,3.07,27.8,110.94
2020/2/27,1777,2215500,9.42,8.94,-1.45,7.62,3.06,27.8,110.32
2020/2/28,1707,3286400,9.4,8.83,-1.44,7.66,3.06,27.8,110.36
2020/3/2,1772,3431700,9.38,8.71,-1.44,7.69,3.06,27.79,109.45
2020/3/3,1766,2786900,9.36,8.59,-1.43,7.73,3.06,27.79,107.69
2020/3/4,1734,1696100,9.34,8.48,-1.42,7.77,3.05,27.78,108.31
2020/3/5,1778,1798000,9.32,8.36,-1.42,7.8,3.05,27.78,107.36
2020/3/6,1733,1667300,9.3,8.25,-1.41,7.84,3.05,27.77,107.5
2020/3/9,1676,1958500,9.28,8.13,-1.4,7.87,3.04,27.77,106.3
2020/3/10,1645,2354500,9.27,8.02,-1.4,7.91,3.04,27.76,104.18
2020/3/11,1640,2325200,9.25,7.9,-1.39,7.94,3.04,27.76,103.3
2020/3/12,1639,2985900,9.23,7.79,-1.38,7.98,3.03,27.75,104.9
2020/3/13,1591,5414800,9.21,7.67,-1.38,8.01,3.03,27.75,104.63
2020/3/16,1576,2931800,9.19,7.56,-1.37,8.05,3.03,27.75,105.05
2020/3/17,1644,3251500,9.17,7.44,-1.36,8.08,3.03,27.74,107.05
2020/3/18,1635,2978800,9.15,7.32,-1.36,8.12,3.02,27.74,106.63
2020/3/19,1641,4151100,9.13,7.21,-1.35,8.15,3.02,27.73,107.46
2020/3/23,1624,4172000,9.11,7.09,-1.34,8.19,3.02,27.73,108.98
2020/3/24,1636,2436900,9.09,6.98,-1.33,8.22,3.01,27.72,110.86
2020/3/25,1761,2558300,9.08,6.86,-1.33,8.26,3.01,27.72,110.65
2020/3/26,1747,2829000,9.06,6.75,-1.32,8.29,3.01,27.71,111.17
2020/3/27,1848,3332200,9.04,6.63,-1.31,8.33,3.01,27.71,110.77
2020/3/30,1924,3565900,9.02,6.52,-1.31,8.36,3,27.7,109.05
2020/3/31,1909,2334000,9,6.4,-1.3,8.4,3,27.7,107.65
2020/4/1,1788,2776200,9.08,6.66,-1.38,8.36,3.01,27.68,108.83
2020/4/2,1762,2371000,9.15,6.93,-1.45,8.31,3.02,27.66,107.59
2020/4/3,1728,1749400,9.23,7.19,-1.53,8.27,3.04,27.64,107.51
2020/4/6,1775,2793900,9.3,7.46,-1.61,8.22,3.05,27.62,108.12
2020/4/7,1809,2268300,9.38,7.72,-1.69,8.18,3.06,27.6,108.91
2020/4/8,1812,2525500,9.45,7.98,-1.76,8.14,3.07,27.58,109.07
2020/4/9,1729,2861200,9.53,8.25,-1.84,8.09,3.09,27.56,108.65
2020/4/10,1775,1953500,9.6,8.51,-1.92,8.05,3.1,27.54,109.07
2020/4/13,1747,971600,9.68,8.78,-1.99,8.01,3.11,27.52,108.63
2020/4/14,1797,1894200,9.75,9.04,-2.07,7.96,3.12,27.5,108.25
2020/4/15,1811,1897800,9.83,9.3,-2.15,7.92,3.14,27.48,107.58
2020/4/16,1833,2106100,9.9,9.57,-2.22,7.87,3.15,27.46,107.18
2020/4/17,1842,1432200,9.98,9.83,-2.3,7.83,3.16,27.44,107.7
2020/4/20,1817,1462600,10.06,10.1,-2.38,7.79,3.17,27.42,107.95
2020/4/21,1836,1164700,10.13,10.36,-2.46,7.74,3.18,27.4,107.9
2020/4/22,1831,1613900,10.21,10.62,-2.53,7.7,3.2,27.39,107.78
2020/4/23,1837,1041600,10.28,10.89,-2.61,7.65,3.21,27.37,107.86
2020/4/24,1834,1675100,10.36,11.15,-2.69,7.61,3.22,27.35,107.83
2020/4/27,1817,1242300,10.43,11.41,-2.76,7.57,3.23,27.33,107.73
2020/4/28,1817,1433800,10.51,11.68,-2.84,7.52,3.25,27.31,107.61
2020/4/30,1819,2643200,10.58,11.94,-2.92,7.48,3.26,27.29,107.3
2020/5/1,1796,1431800,10.66,12.21,-3,7.44,3.27,27.27,106.88
2020/5/7,1794,1379700,10.73,12.47,-3.07,7.39,3.28,27.25,107.3
2020/5/8,1825,1285300,10.81,12.73,-3.15,7.35,3.3,27.23,106.27
2020/5/11,1804,1176000,10.89,13,-3.23,7.3,3.31,27.21,106.36
2020/5/12,1809,1332500,10.96,13.26,-3.3,7.26,3.32,27.19,106.96
2020/5/13,1848,1972500,11.04,13.53,-3.38,7.22,3.33,27.17,107.52
2020/5/14,1823,908200,11.11,13.79,-3.46,7.17,3.34,27.15,107.12
2020/5/15,1831,1310300,11.19,14.05,-3.53,7.13,3.36,27.13,106.89
2020/5/18,1861,1036200,11.26,14.32,-3.61,7.08,3.37,27.11,107.43
2020/5/19,1849,1257300,11.34,14.58,-3.69,7.04,3.38,27.09,107.2
2020/5/20,1851,954200,11.41,14.85,-3.77,7,3.39,27.07,107.36
2020/5/21,1826,1299800,11.49,15.11,-3.84,6.95,3.41,27.05,107.98
2020/5/22,1802,1253100,11.56,15.37,-3.92,6.91,3.42,27.03,107.74
2020/5/25,1751,3204900,11.64,15.64,-4,6.87,3.43,27.01,107.75
2020/5/26,1707,5076400,11.71,15.9,-4.07,6.82,3.44,26.99,107.69
2020/5/27,1707,3010200,11.79,16.17,-4.15,6.78,3.45,26.97,107.77
2020/5/28,1726,3038500,11.87,16.43,-4.23,6.73,3.47,26.95,107.53
2020/5/29,1744,4848300,11.94,16.69,-4.3,6.69,3.48,26.93,107.92
2020/6/1,1741,1327300,12.02,16.96,-4.38,6.65,3.49,26.91,107.53
2020/6/2,1737,1822100,12.09,17.22,-4.46,6.6,3.5,26.89,107.75
2020/6/3,1715,2406900,12.17,17.49,-4.54,6.56,3.52,26.87,107.58
2020/6/4,1733,2254600,12.24,17.75,-4.61,6.51,3.53,26.85,108.71
2020/6/5,1728,2014800,12.32,18.01,-4.69,6.47,3.54,26.83,108.88
2020/6/8,1728,2142800,12.39,18.28,-4.77,6.43,3.55,26.81,109.1
2020/6/9,1766,2390700,12.47,18.54,-4.84,6.38,3.57,26.8,109.46
2020/6/10,1741,2000700,12.54,18.8,-4.92,6.34,3.58,26.78,108.08
2020/6/11,1741,2099600,12.62,19.07,-5,6.3,3.59,26.76,107.81
2020/6/12,1721,2477500,12.7,19.33,-5.08,6.25,3.6,26.74,107
2020/6/15,1705,1667600,12.77,19.6,-5.15,6.21,3.61,26.72,106.69
2020/6/16,1758,2099200,12.85,19.86,-5.23,6.16,3.63,26.7,107.24
2020/6/17,1752,1380300,12.92,20.12,-5.31,6.12,3.64,26.68,107.31
2020/6/18,1737,1153200,13,20.39,-5.38,6.08,3.65,26.66,107.35
2020/6/19,1769,2342300,13.07,20.65,-5.46,6.03,3.66,26.64,106.76
2020/6/22,1748,1100100,13.15,20.92,-5.54,5.99,3.68,26.62,106.95
2020/6/23,1739,1178700,13.22,21.18,-5.61,5.94,3.69,26.6,106.81
2020/6/24,1736,1100200,13.3,21.44,-5.69,5.9,3.7,26.58,106.97
2020/6/25,1719,1051200,13.37,21.71,-5.77,5.86,3.71,26.56,106.53
2020/6/26,1723,1375500,13.45,21.97,-5.85,5.81,3.73,26.54,107.05
2020/6/29,1717,1517700,13.52,22.24,-5.92,5.77,3.74,26.52,107.13
2020/6/30,1702,2311100,13.6,22.5,-6,5.73,3.75,26.5,107.24
2020/7/1,1683,1676700,13.58,22.62,-5.97,5.68,3.76,26.48,107.74
2020/7/2,1697,1657600,13.55,22.75,-5.93,5.64,3.77,26.46,108.11
2020/7/3,1703,829000,13.53,22.87,-5.9,5.59,3.79,26.44,107.48
2020/7/6,1713,1004900,13.5,22.99,-5.86,5.55,3.8,26.42,107.5
2020/7/7,1665,1642500,13.48,23.11,-5.83,5.51,3.81,26.4,107.66
2020/7/8,1659,1547200,13.45,23.24,-5.79,5.46,3.82,26.38,107.33
2020/7/9,1628,1591400,13.43,23.36,-5.76,5.42,3.84,26.36,107.7
2020/7/10,1635,1741100,13.4,23.48,-5.72,5.37,3.85,26.34,107.31
2020/7/13,1678,1234900,13.38,23.61,-5.69,5.33,3.86,26.32,107.1
2020/7/14,1661,844600,13.35,23.73,-5.66,5.29,3.87,26.3,106.84
2020/7/15,1677,984900,13.33,23.85,-5.62,5.24,3.89,26.28,107.25
2020/7/16,1655,1142700,13.3,23.98,-5.59,5.2,3.9,26.26,107.3
2020/7/17,1647,1030200,13.28,24.1,-5.55,5.15,3.91,26.24,106.99
2020/7/20,1644,803300,13.26,24.22,-5.52,5.11,3.92,26.22,107.28
2020/7/21,1642,837100,13.23,24.34,-5.48,5.07,3.93,26.2,107.53
2020/7/22,1634,976400,13.21,24.47,-5.45,5.02,3.95,26.19,107.23
2020/7/27,1644,1295700,13.18,24.59,-5.41,4.98,3.96,26.17,106.9
2020/7/28,1648,1298900,13.16,24.71,-5.38,4.94,3.97,26.15,105.82
2020/7/29,1635,1001300,13.13,24.84,-5.35,4.89,3.98,26.13,105.35
2020/7/30,1624,896100,13.11,24.96,-5.31,4.85,4,26.11,105.14
2020/7/31,1808,4973400,13.08,25.08,-5.28,4.8,4.01,26.09,105.11
2020/8/3,1828,2227700,13.06,25.2,-5.24,4.76,4.02,26.07,104.61
2020/8/4,1849,2245700,13.03,25.33,-5.21,4.72,4.03,26.05,106.17
2020/8/5,1840,1427900,13.01,25.45,-5.17,4.67,4.05,26.03,106.13
2020/8/6,1805,1185400,12.99,25.57,-5.14,4.63,4.06,26.01,105.63
2020/8/7,1766,1924500,12.96,25.7,-5.1,4.58,4.07,25.99,105.54
2020/8/11,1763,2052900,12.94,25.82,-5.07,4.54,4.08,25.97,105.59
2020/8/12,1782,1714100,12.91,25.94,-5.04,4.5,4.09,25.95,106.18
2020/8/13,1830,1557300,12.89,26.07,-5,4.45,4.11,25.93,106.59
2020/8/14,1819,1269900,12.86,26.19,-4.97,4.41,4.12,25.91,106.68
2020/8/17,1801,665700,12.84,26.31,-4.93,4.37,4.13,25.89,106.98
2020/8/18,1844,1291200,12.81,26.43,-4.9,4.32,4.14,25.87,106.52
2020/8/19,1877,1646800,12.79,26.56,-4.86,4.28,4.16,25.85,105.78
2020/8/20,1886,1029700,12.76,26.68,-4.83,4.23,4.17,25.83,105.18
2020/8/21,1877,768800,12.74,26.8,-4.8,4.19,4.18,25.81,106.1
2020/8/24,1894,952300,12.71,26.93,-4.76,4.15,4.19,25.79,105.7
2020/8/25,1901,1504500,12.69,27.05,-4.73,4.1,4.2,25.77,105.8
2020/8/26,1912,744300,12.67,27.17,-4.69,4.06,4.22,25.75,106.01
2020/8/27,1898,1136200,12.64,27.3,-4.66,4.01,4.23,25.73,106.45
2020/8/28,1880,1394200,12.62,27.42,-4.62,3.97,4.24,25.71,105.94
2020/8/31,1876,1214500,12.59,27.54,-4.59,3.93,4.25,25.69,106.65
2020/9/1,1888,1055700,12.57,27.66,-4.55,3.88,4.27,25.67,105.39
2020/9/2,1915,1221900,12.54,27.79,-4.52,3.84,4.28,25.65,105.9
2020/9/3,1931,1092400,12.52,27.91,-4.49,3.8,4.29,25.63,106.02
2020/9/4,1902,896400,12.49,28.03,-4.45,3.75,4.3,25.61,106.23
2020/9/7,1879,931800,12.47,28.16,-4.42,3.71,4.32,25.6,106.17
2020/9/8,1904,747400,12.44,28.28,-4.38,3.66,4.33,25.58,106.39
2020/9/9,1890,929600,12.42,28.4,-4.35,3.62,4.34,25.56,106.31
2020/9/10,1905,1016700,12.4,28.52,-4.31,3.58,4.35,25.54,105.97
2020/9/11,1911,1494500,12.37,28.65,-4.28,3.53,4.36,25.52,106.22
2020/9/14,1901,1264000,12.35,28.77,-4.24,3.49,4.38,25.5,106.16
2020/9/15,1883,1017500,12.32,28.89,-4.21,3.44,4.39,25.48,106.16
2020/9/16,1982,2280000,12.3,29.02,-4.18,3.4,4.4,25.46,105.74
2020/9/17,2043,4313300,12.27,29.14,-4.14,3.36,4.41,25.44,105.37
2020/9/18,2055,2551400,12.25,29.26,-4.11,3.31,4.43,25.42,105.06
2020/9/23,2064,1666100,12.22,29.39,-4.07,3.27,4.44,25.4,104.84
2020/9/24,2079,2069500,12.2,29.51,-4.04,3.23,4.45,25.38,105.1
2020/9/25,2042,2219200,12.17,29.63,-4,3.18,4.46,25.36,105.43
2020/9/28,2094,2065500,12.15,29.75,-3.97,3.14,4.48,25.34,105.57
2020/9/29,2089,1378500,12.12,29.88,-3.93,3.09,4.49,25.32,105.36
2020/9/30,2065,1487800,12.1,30,-3.9,3.05,4.5,25.3,105.36
2020/10/2,2034,1316800,12.11,29.82,-3.89,3.01,4.51,25.28,105.81
2020/10/5,2063,1130800,12.12,29.65,-3.88,2.96,4.52,25.26,105.55
2020/10/6,2060,1082200,12.12,29.47,-3.87,2.92,4.54,25.24,105.57
2020/10/7,2049,1146300,12.13,29.29,-3.86,2.87,4.55,25.22,105.6
2020/10/8,2048,1089100,12.14,29.11,-3.85,2.83,4.56,25.2,105.66
2020/10/9,2025,1367500,12.15,28.94,-3.84,2.79,4.57,25.18,105.7
2020/10/12,2022,639000,12.16,28.76,-3.83,2.74,4.59,25.16,106.07
2020/10/13,2024,849100,12.16,28.58,-3.82,2.7,4.6,25.14,105.98
2020/10/14,2040,1069000,12.17,28.4,-3.81,2.66,4.61,25.12,105.64
2020/10/15,2026,610600,12.18,28.23,-3.8,2.61,4.62,25.1,105.37
2020/10/16,2028,840600,12.19,28.05,-3.79,2.57,4.64,25.08,105.43
2020/10/19,2034,532100,12.2,27.87,-3.78,2.52,4.65,25.06,105.26
2020/10/20,2020,697200,12.2,27.69,-3.77,2.48,4.66,25.04,105.35
2020/10/21,2026,963000,12.21,27.52,-3.76,2.44,4.67,25.02,105.4
2020/10/22,2008,875300,12.22,27.34,-3.75,2.39,4.68,25,105.59
2020/10/23,1997,715800,12.23,27.16,-3.75,2.35,4.7,24.99,105.41
2020/10/26,1992,600700,12.24,26.98,-3.74,2.3,4.71,24.97,104.62
2020/10/27,2009,842300,12.25,26.81,-3.73,2.26,4.72,24.95,104.74
2020/10/28,2027,831300,12.25,26.63,-3.72,2.22,4.73,24.93,104.68
2020/10/29,2024,819200,12.26,26.45,-3.71,2.17,4.75,24.91,104.77
2020/10/30,2006,1147200,12.27,26.27,-3.7,2.13,4.76,24.89,104.47
2020/11/2,2061,1539200,12.28,26.1,-3.69,2.09,4.77,24.87,104.4
2020/11/4,2065,1648000,12.29,25.92,-3.68,2.04,4.78,24.85,104.6
2020/11/5,2206,4079500,12.29,25.74,-3.67,2,4.8,24.83,104.76
2020/11/6,2194,1838200,12.3,25.56,-3.66,1.95,4.81,24.81,104.54
2020/11/9,2185,1634500,12.31,25.39,-3.65,1.91,4.82,24.79,104.3
2020/11/10,2086,2562400,12.32,25.21,-3.64,1.87,4.83,24.77,103.69
2020/11/11,2154,1982400,12.33,25.03,-3.63,1.82,4.84,24.75,103.34
2020/11/12,2161,1374300,12.33,24.85,-3.62,1.78,4.86,24.73,105.18
2020/11/13,2143,1372800,12.34,24.68,-3.61,1.73,4.87,24.71,105.13
2020/11/16,2166,1191700,12.35,24.5,-3.6,1.69,4.88,24.69,105.43
2020/11/17,2122,1417500,12.36,24.32,-3.59,1.65,4.89,24.67,104.98
2020/11/18,2128,1042900,12.37,24.15,-3.58,1.6,4.91,24.65,104.69
2020/11/19,2160,1387900,12.37,23.97,-3.57,1.56,4.92,24.63,104.46
2020/11/20,2186,1282800,12.38,23.79,-3.56,1.52,4.93,24.61,104.09
2020/11/24,2180,1600700,12.39,23.61,-3.55,1.47,4.94,24.59,103.85
2020/11/25,2143,1517300,12.4,23.44,-3.54,1.43,4.95,24.57,103.89
2020/11/26,2159,1264700,12.41,23.26,-3.53,1.38,4.97,24.55,104.59
2020/11/27,2164,1811900,12.41,23.08,-3.52,1.34,4.98,24.53,104.51
2020/11/30,2086,2859600,12.42,22.9,-3.51,1.3,4.99,24.51,104.34
2020/12/1,2164,1955700,12.43,22.73,-3.5,1.25,5,24.49,104.15
2020/12/2,2141,1707200,12.44,22.55,-3.49,1.21,5.02,24.47,103.89
2020/12/3,2128,1377800,12.45,22.37,-3.48,1.16,5.03,24.45,104.28
2020/12/4,2141,999600,12.45,22.19,-3.47,1.12,5.04,24.43,104.36
2020/12/7,2147,1097700,12.46,22.02,-3.46,1.08,5.05,24.41,104.5
2020/12/8,2133,937700,12.47,21.84,-3.45,1.03,5.07,24.4,103.83
2020/12/9,2147,1055000,12.48,21.66,-3.45,0.99,5.08,24.38,104.11
2020/12/10,2159,1305900,12.49,21.48,-3.44,0.95,5.09,24.36,104.06
2020/12/11,2243,2840900,12.5,21.31,-3.43,0.9,5.1,24.34,104.16
2020/12/14,2257,1793100,12.5,21.13,-3.42,0.86,5.11,24.32,104.29
2020/12/15,2254,1116300,12.51,20.95,-3.41,0.81,5.13,24.3,104.03
2020/12/16,2262,927900,12.52,20.77,-3.4,0.77,5.14,24.28,104.05
2020/12/17,2267,979400,12.53,20.6,-3.39,0.73,5.15,24.26,104.12
2020/12/18,2222,2182000,12.54,20.42,-3.38,0.68,5.16,24.24,103.73
2020/12/21,2197,1446900,12.54,20.24,-3.37,0.64,5.18,24.22,103.44
2020/12/22,2164,1010600,12.55,20.06,-3.36,0.59,5.19,24.2,103.26
2020/12/23,2122,1870100,12.56,19.89,-3.35,0.55,5.2,24.18,103.38
2020/12/24,2152,1252000,12.57,19.71,-3.34,0.51,5.21,24.16,103.31
2020/12/25,2159,836100,12.58,19.53,-3.33,0.46,5.23,24.14,103.64
2020/12/28,2187,1194000,12.58,19.35,-3.32,0.42,5.24,24.12,103.6
2020/12/29,2219,1573500,12.59,19.18,-3.31,0.38,5.25,24.1,103.48
2020/12/30,2236,1436900,12.6,19,-3.3,0.33,5.26,24.08,103.62
2021/1/4,2232,1009900,12.57,18.92,-3.29,0.29,5.27,24.06,103.8
2021/1/5,2258,1546600,12.54,18.84,-3.28,0.24,5.29,24.04,103.52
2021/1/6,2212,2035200,12.5,18.76,-3.27,0.2,5.3,24.02,102.68
2021/1/7,2219,2192500,12.47,18.68,-3.25,0.16,5.31,24,103.01
2021/1/8,2296,2768000,12.44,18.6,-3.24,0.11,5.32,23.98,103.85
2021/1/12,2314,2663500,12.41,18.52,-3.23,0.07,5.34,23.96,104.23
2021/1/13,2307,1882900,12.37,18.44,-3.22,0.02,5.35,23.94,103.69
2021/1/14,2357,2184900,12.34,18.35,-3.21,-0.02,5.36,23.92,103.95
2021/1/15,2352,1847200,12.31,18.27,-3.2,-0.06,5.37,23.9,103.84
2021/1/18,2395,1645000,12.28,18.19,-3.19,-0.11,5.39,23.88,103.8
2021/1/19,2397,1461500,12.25,18.11,-3.18,-0.15,5.4,23.86,103.74
2021/1/20,2365,1268800,12.21,18.03,-3.16,-0.2,5.41,23.84,103.93
2021/1/21,2363,1508000,12.18,17.95,-3.15,-0.24,5.42,23.82,103.62
2021/1/22,2350,1874600,12.15,17.87,-3.14,-0.28,5.43,23.8,103.54
2021/1/25,2339,1157300,12.12,17.79,-3.13,-0.33,5.45,23.79,103.84
2021/1/26,2352,1630800,12.08,17.71,-3.12,-0.37,5.46,23.77,103.75
2021/1/27,2371,2360900,12.05,17.63,-3.11,-0.41,5.47,23.75,103.69
2021/1/28,2345,5824100,12.02,17.55,-3.1,-0.46,5.48,23.73,104.28
2021/1/29,2365,1825800,11.99,17.47,-3.09,-0.5,5.5,23.71,104.48
2021/2/1,2241,3980500,11.95,17.39,-3.07,-0.55,5.51,23.69,104.7
2021/2/2,2203,3178400,11.92,17.31,-3.06,-0.59,5.52,23.67,104.89
2021/2/3,2219,1952000,11.89,17.23,-3.05,-0.63,5.53,23.65,105.04
2021/2/4,2176,2137000,11.86,17.15,-3.04,-0.68,5.55,23.63,105.04
2021/2/5,2147,3260800,11.83,17.06,-3.03,-0.72,5.56,23.61,105.55
2021/2/8,2197,2947500,11.79,16.98,-3.02,-0.77,5.57,23.59,105.55
2021/2/9,2189,1407700,11.76,16.9,-3.01,-0.81,5.58,23.57,105.18
2021/2/10,2227,1718000,11.73,16.82,-3,-0.85,5.59,23.55,104.62
2021/2/12,2174,1975300,11.7,16.74,-2.98,-0.9,5.61,23.53,104.75
2021/2/15,2166,1533800,11.66,16.66,-2.97,-0.94,5.62,23.51,105.11
2021/2/16,2187,1705300,11.63,16.58,-2.96,-0.98,5.63,23.49,105.49
2021/2/17,2205,1426600,11.6,16.5,-2.95,-1.03,5.64,23.47,106.17
2021/2/18,2189,1789000,11.57,16.42,-2.94,-1.07,5.66,23.45,105.75
2021/2/19,2175,1326000,11.54,16.34,-2.93,-1.12,5.67,23.43,105.73
2021/2/22,2169,1726800,11.5,16.26,-2.92,-1.16,5.68,23.41,105.5
2021/2/24,2154,1537700,11.47,16.18,-2.9,-1.2,5.69,23.39,105.42
2021/2/25,2116,2129400,11.44,16.1,-2.89,-1.25,5.7,23.37,106.06
2021/2/26,2027,3512800,11.41,16.02,-2.88,-1.29,5.72,23.35,106.24
2021/3/1,2048,2231300,11.37,15.94,-2.87,-1.34,5.73,23.33,106.49
2021/3/2,2085,2240300,11.34,15.85,-2.86,-1.38,5.74,23.31,106.85
2021/3/3,2095,1858500,11.31,15.77,-2.85,-1.42,5.75,23.29,106.8
2021/3/4,2092,1393700,11.28,15.69,-2.84,-1.47,5.77,23.27,106.99
2021/3/5,2139,1681500,11.25,15.61,-2.83,-1.51,5.78,23.25,107.91
2021/3/8,2185,2123200,11.21,15.53,-2.81,-1.55,5.79,23.23,108.37
2021/3/9,2155,1668800,11.18,15.45,-2.8,-1.6,5.8,23.21,109.13
2021/3/10,2177,1530200,11.15,15.37,-2.79,-1.64,5.82,23.2,108.58
2021/3/11,2176,1179800,11.12,15.29,-2.78,-1.69,5.83,23.18,108.51
2021/3/12,2190,1834400,11.08,15.21,-2.77,-1.73,5.84,23.16,108.61
2021/3/15,2205,1037400,11.05,15.13,-2.76,-1.77,5.85,23.14,109.08
2021/3/16,2216,1349100,11.02,15.05,-2.75,-1.82,5.86,23.12,109.24
2021/3/17,2189,1452100,10.99,14.97,-2.74,-1.86,5.88,23.1,109.14
2021/3/18,2217,1402300,10.95,14.89,-2.72,-1.91,5.89,23.08,108.97
2021/3/19,2219,1887800,10.92,14.81,-2.71,-1.95,5.9,23.06,109.1
2021/3/22,2239,1542400,10.89,14.73,-2.7,-1.99,5.91,23.04,108.92
2021/3/23,2207,1133600,10.86,14.65,-2.69,-2.04,5.93,23.02,108.84
2021/3/24,2208,1286900,10.83,14.56,-2.68,-2.08,5.94,23,108.65
2021/3/25,2233,1178000,10.79,14.48,-2.67,-2.12,5.95,22.98,108.9
2021/3/26,2250,1475700,10.76,14.4,-2.66,-2.17,5.96,22.96,109.31
2021/3/29,2232,2012000,10.73,14.32,-2.65,-2.21,5.98,22.94,109.63
2021/3/30,2239,1282700,10.7,14.24,-2.63,-2.26,5.99,22.92,109.83
2021/3/31,2182,1519500,10.6,14,-2.6,-2.3,6,22.9,110.72
2021/4/1,2145,1501600,10.66,14.02,-2.37,-2.28,6,22.89,110.84
2021/4/2,2140,2262000,10.71,14.03,-2.14,-2.26,6.01,22.88,110.66
2021/4/5,2189,1308400,10.77,14.05,-1.91,-2.24,6.01,22.87,110.67
2021/4/6,2146,1397900,10.83,14.07,-1.68,-2.22,6.02,22.86,110.3
2021/4/7,2146,1497300,10.89,14.08,-1.44,-2.2,6.02,22.85,109.81
2021/4/8,2129,1552300,10.94,14.1,-1.21,-2.18,6.03,22.84,109.83
2021/4/9,2138,1941800,11,14.11,-0.98,-2.16,6.03,22.83,109.31
2021/4/12,2143,1089600,11.06,14.13,-0.75,-2.14,6.04,22.82,109.73
2021/4/13,2139,1340100,11.12,14.15,-0.52,-2.12,6.04,22.81,109.58
2021/4/14,2130,1239300,11.17,14.16,-0.29,-2.1,6.05,22.8,108.82
2021/4/15,2109,1227700,11.23,14.18,-0.06,-2.08,6.05,22.79,108.91
2021/4/16,2127,1082800,11.29,14.2,0.17,-2.06,6.05,22.78,108.72
2021/4/19,2117,1116500,11.35,14.21,0.4,-2.04,6.06,22.77,108.64
2021/4/20,2090,1298400,11.4,14.23,0.64,-2.02,6.06,22.76,108.21
2021/4/21,2098,1739400,11.46,14.25,0.87,-2,6.07,22.75,108.08
2021/4/22,2133,1004500,11.52,14.26,1.1,-1.98,6.07,22.74,108.05
2021/4/23,2160,1540300,11.58,14.28,1.33,-1.96,6.08,22.73,107.94
2021/4/26,2135,1372700,11.63,14.3,1.56,-1.94,6.08,22.72,107.91
2021/4/27,2117,1284500,11.69,14.31,1.79,-1.92,6.09,22.71,108.14
2021/4/28,2111,1157900,11.75,14.33,2.02,-1.9,6.09,22.7,108.93
2021/4/30,2106,1479800,11.8,14.34,2.25,-1.88,6.09,22.69,108.98
2021/5/6,2177,2411700,11.86,14.36,2.49,-1.86,6.1,22.68,109.33
2021/5/7,2202,1409100,11.92,14.38,2.72,-1.84,6.1,22.67,109.15
2021/5/10,2237,1969000,11.98,14.39,2.95,-1.82,6.11,22.66,108.77
2021/5/11,2321,5465100,12.03,14.41,3.18,-1.8,6.11,22.65,108.99
2021/5/12,2328,3092400,12.09,14.43,3.41,-1.78,6.12,22.64,108.8
2021/5/13,2295,1808300,12.15,14.44,3.64,-1.76,6.12,22.63,109.63
2021/5/14,2331,1949400,12.21,14.46,3.87,-1.74,6.13,22.62,109.64
2021/5/17,2299,2534400,12.26,14.48,4.1,-1.72,6.13,22.61,109.41
2021/5/18,2399,3815900,12.32,14.49,4.33,-1.7,6.14,22.6,109.21
2021/5/19,2374,1740700,12.38,14.51,4.57,-1.68,6.14,22.6,109
2021/5/20,2342,1558800,12.44,14.52,4.8,-1.66,6.14,22.59,109.25
2021/5/21,2337,1520800,12.49,14.54,5.03,-1.64,6.15,22.58,108.9
2021/5/24,2401,1394400,12.55,14.56,5.26,-1.62,6.15,22.57,108.97
2021/5/25,2381,766000,12.61,14.57,5.49,-1.6,6.16,22.56,108.86
2021/5/26,2370,1249500,12.67,14.59,5.72,-1.58,6.16,22.55,108.79
2021/5/27,2363,3272200,12.72,14.61,5.95,-1.56,6.17,22.54,109.15
2021/5/28,2464,2873000,12.78,14.62,6.18,-1.54,6.17,22.53,109.97
2021/5/31,2423,1099600,12.84,14.64,6.41,-1.52,6.18,22.52,109.8
2021/6/1,2406,1341200,12.9,14.66,6.65,-1.5,6.18,22.51,109.4
2021/6/2,2414,2968200,12.95,14.67,6.88,-1.48,6.18,22.5,109.65
2021/6/3,2500,3009200,13.01,14.69,7.11,-1.46,6.19,22.49,109.6
2021/6/4,2506,2120700,13.07,14.7,7.34,-1.44,6.19,22.48,110.28
2021/6/7,2503,1215800,13.12,14.72,7.57,-1.42,6.2,22.47,109.58
2021/6/8,2541,1747900,13.18,14.74,7.8,-1.4,6.2,22.46,109.44
2021/6/9,2549,1658500,13.24,14.75,8.03,-1.38,6.21,22.45,109.45
2021/6/10,2544,1511400,13.3,14.77,8.26,-1.36,6.21,22.44,109.66
2021/6/11,2556,1634700,13.35,14.79,8.5,-1.34,6.22,22.43,109.46
2021/6/14,2552,849900,13.41,14.8,8.73,-1.32,6.22,22.42,109.8
2021/6/15,2593,1672400,13.47,14.82,8.96,-1.3,6.23,22.41,110.12
2021/6/16,2610,1719000,13.53,14.84,9.19,-1.28,6.23,22.4,110.16
2021/6/17,2643,2287400,13.58,14.85,9.42,-1.26,6.23,22.39,110.76
2021/6/18,2654,2568800,13.64,14.87,9.65,-1.24,6.24,22.38,110.33
2021/6/21,2597,2191600,13.7,14.89,9.88,-1.22,6.24,22.37,110.25
2021/6/22,2692,1961000,13.76,14.9,10.11,-1.2,6.25,22.36,110.28
2021/6/23,2693,1951600,13.81,14.92,10.34,-1.18,6.25,22.35,110.73
2021/6/24,2722,1516400,13.87,14.93,10.58,-1.16,6.26,22.34,111.05
2021/6/25,2743,1668800,13.93,14.95,10.81,-1.14,6.26,22.33,111
2021/6/28,2769,2028800,13.99,14.97,11.04,-1.12,6.27,22.32,110.69
2021/6/29,2814,3568500,14.04,14.98,11.27,-1.1,6.27,22.31,110.52
2021/6/30,2778,2441200,14.1,15,11.5,-1.08,6.28,22.3,110.61
2021/7/1,2748,1597300,14.08,14.95,11.44,-1.05,6.28,22.29,111.12
2021/7/2,2770,1603500,14.05,14.9,11.37,-1.03,6.28,22.28,111.66
2021/7/5,2762,1004600,14.03,14.85,11.31,-1.01,6.29,22.27,111.15
2021/7/6,2768,1358200,14,14.8,11.24,-0.99,6.29,22.26,110.88
2021/7/7,2715,2000800,13.98,14.75,11.18,-0.97,6.3,22.25,110.45
2021/7/8,2703,2270100,13.95,14.7,11.12,-0.95,6.3,22.24,110.58
2021/7/9,2697,2693300,13.93,14.64,11.05,-0.93,6.31,22.23,109.92
2021/7/12,2773,2112900,13.9,14.59,10.99,-0.91,6.31,22.22,110.16
2021/7/13,2834,3228600,13.88,14.54,10.92,-0.89,6.32,22.21,110.4
2021/7/14,2780,2463400,13.85,14.49,10.86,-0.87,6.32,22.2,110.63
2021/7/15,2768,1358000,13.83,14.44,10.8,-0.85,6.32,22.19,109.93
2021/7/16,2762,1250100,13.8,14.39,10.73,-0.83,6.33,22.18,109.91
2021/7/19,2726,1096900,13.78,14.34,10.67,-0.81,6.33,22.17,109.89
2021/7/20,2734,1305000,13.76,14.29,10.6,-0.79,6.34,22.16,109.57
2021/7/21,2746,1324600,13.73,14.24,10.54,-0.77,6.34,22.15,109.98
2021/7/26,2775,1506500,13.71,14.19,10.48,-0.75,6.35,22.14,110.54
2021/7/27,2769,1128400,13.68,14.14,10.41,-0.73,6.35,22.13,110.26
2021/7/28,2780,1305100,13.66,14.09,10.35,-0.71,6.36,22.12,109.85
2021/7/29,2728,1790900,13.63,14.03,10.29,-0.69,6.36,22.11,109.73
2021/7/30,2683,2012800,13.61,13.98,10.22,-0.67,6.37,22.1,109.52
2021/8/2,2868,4078000,13.58,13.93,10.16,-0.65,6.37,22.09,109.65
2021/8/3,2801,2215000,13.56,13.88,10.09,-0.63,6.37,22.08,109.33
2021/8/4,2830,1743100,13.53,13.83,10.03,-0.61,6.38,22.07,109.07
2021/8/5,2854,1083000,13.51,13.78,9.97,-0.59,6.38,22.06,109.67
2021/8/6,2875,1587200,13.49,13.73,9.9,-0.57,6.39,22.05,109.89
2021/8/10,2895,1611600,13.46,13.68,9.84,-0.55,6.39,22.04,110.33
2021/8/11,2896,1921800,13.44,13.63,9.77,-0.53,6.4,22.03,110.68
2021/8/12,2906,1285000,13.41,13.58,9.71,-0.51,6.4,22.02,110.35
2021/8/13,2904,1108800,13.39,13.53,9.65,-0.49,6.41,22.01,110.47
2021/8/16,2882,1261900,13.36,13.48,9.58,-0.47,6.41,22,109.47
2021/8/17,2919,1149200,13.34,13.42,9.52,-0.45,6.41,22,109.22
2021/8/18,2898,1251600,13.31,13.37,9.45,-0.43,6.42,21.99,109.52
2021/8/19,2910,1390200,13.29,13.32,9.39,-0.41,6.42,21.98,109.97
2021/8/20,2988,2156900,13.26,13.27,9.33,-0.39,6.43,21.97,109.89
2021/8/23,2982,1559700,13.24,13.22,9.26,-0.37,6.43,21.96,109.86
2021/8/24,3046,1960700,13.21,13.17,9.2,-0.35,6.44,21.95,109.76
2021/8/25,3010,1519100,13.19,13.12,9.13,-0.33,6.44,21.94,109.86
2021/8/26,3042,1967900,13.17,13.07,9.07,-0.31,6.45,21.93,110.08
2021/8/27,3043,1846700,13.14,13.02,9.01,-0.29,6.45,21.92,110
2021/8/30,3084,1682300,13.12,12.97,8.94,-0.27,6.46,21.91,109.73
2021/8/31,3124,2044300,13.09,12.92,8.88,-0.25,6.46,21.9,109.9
2021/9/1,3124,1866000,13.07,12.87,8.81,-0.23,6.46,21.89,110.2
2021/9/2,3175,1740100,13.04,12.81,8.75,-0.21,6.47,21.88,110
2021/9/3,3230,1958700,13.02,12.76,8.69,-0.19,6.47,21.87,109.95
2021/9/6,3299,1818900,12.99,12.71,8.62,-0.17,6.48,21.86,109.84
2021/9/7,3303,1717900,12.97,12.66,8.56,-0.15,6.48,21.85,109.8
2021/9/8,3302,2047400,12.94,12.61,8.5,-0.13,6.49,21.84,110.28
2021/9/9,3339,1671200,12.92,12.56,8.43,-0.11,6.49,21.83,110.23
2021/9/10,3398,2463300,12.9,12.51,8.37,-0.09,6.5,21.82,109.79
2021/9/13,3410,1694200,12.87,12.46,8.3,-0.07,6.5,21.81,109.99
2021/9/14,3393,2258100,12.85,12.41,8.24,-0.05,6.5,21.8,110.05
2021/9/15,3411,2051600,12.82,12.36,8.18,-0.03,6.51,21.79,109.65
2021/9/16,3417,2762300,12.8,12.31,8.11,-0.01,6.51,21.78,109.41
2021/9/17,3410,2862700,12.77,12.26,8.05,0.01,6.52,21.77,109.81
2021/9/21,3336,2807700,12.75,12.2,7.98,0.03,6.52,21.76,109.57
2021/9/22,3246,2221600,12.72,12.15,7.92,0.05,6.53,21.75,109.22
2021/9/24,3267,2931000,12.7,12.1,7.86,0.07,6.53,21.74,110.42
2021/9/27,3193,2329600,12.67,12.05,7.79,0.09,6.54,21.73,110.75
2021/9/28,3153,2972800,12.65,12,7.73,0.11,6.54,21.72,111.01
2021/9/29,3133,1934700,12.62,11.95,7.66,0.13,6.55,21.71,111.65
2021/9/30,3208,3566800,12.6,11.9,7.6,0.15,6.55,21.7,111.95
2021/10/1,3186,2094900,12.6,11.84,7.6,0.17,6.55,21.69,111.43
2021/10/4,3117,1959300,12.6,11.79,7.6,0.19,6.56,21.68,110.99
2021/10/5,3064,2942400,12.6,11.73,7.6,0.21,6.56,21.67,110.94
2021/10/6,3104,2485100,12.61,11.68,7.59,0.23,6.57,21.66,111.63
2021/10/7,3126,2251900,12.61,11.62,7.59,0.25,6.57,21.65,111.38
2021/10/8,3142,2133100,12.61,11.57,7.59,0.27,6.58,21.64,111.74
2021/10/11,3244,1799100,12.61,11.51,7.59,0.29,6.58,21.63,112.3
2021/10/12,3205,1523100,12.61,11.46,7.59,0.31,6.59,21.62,113.5
2021/10/13,3236,1303100,12.61,11.4,7.59,0.33,6.59,21.61,113.48
2021/10/14,3253,1881700,12.62,11.34,7.58,0.35,6.6,21.6,113.37
2021/10/15,3310,1814300,12.62,11.29,7.58,0.37,6.6,21.59,113.9
2021/10/18,3244,1766800,12.62,11.23,7.58,0.39,6.6,21.58,114.26
2021/10/19,3305,1508000,12.62,11.18,7.58,0.41,6.61,21.57,114.19
2021/10/20,3309,2126300,12.62,11.12,7.58,0.43,6.61,21.56,114.68
2021/10/21,3239,1663600,12.62,11.07,7.58,0.45,6.62,21.55,114.28
2021/10/22,3249,1551600,12.63,11.01,7.57,0.47,6.62,21.54,114.04
2021/10/25,3199,1767400,12.63,10.96,7.57,0.49,6.63,21.53,113.73
2021/10/26,3192,2023700,12.63,10.9,7.57,0.51,6.63,21.52,113.85
2021/10/27,3314,2999600,12.63,10.84,7.57,0.53,6.64,21.51,114.16
2021/10/28,3274,5899900,12.63,10.79,7.57,0.55,6.64,21.5,113.85
2021/10/29,3305,2567700,12.63,10.73,7.57,0.57,6.64,21.49,113.68
2021/11/1,3390,2190100,12.63,10.68,7.57,0.59,6.65,21.48,114.13
2021/11/2,3318,1753700,12.64,10.62,7.56,0.61,6.65,21.47,114.12
2021/11/4,3377,2102900,12.64,10.57,7.56,0.63,6.66,21.46,114.16
2021/11/5,3411,3358100,12.64,10.51,7.56,0.65,6.66,21.45,113.78
2021/11/8,3305,2110600,12.64,10.46,7.56,0.67,6.67,21.44,113.62
2021/11/9,3327,1422400,12.64,10.4,7.56,0.69,6.67,21.43,113.27
2021/11/10,3396,2062400,12.64,10.34,7.56,0.71,6.68,21.42,112.87
2021/11/11,3447,2117800,12.65,10.29,7.55,0.73,6.68,21.41,113.94
2021/11/12,3459,1813600,12.65,10.23,7.55,0.75,6.69,21.4,114.26
2021/11/15,3456,1224900,12.65,10.18,7.55,0.77,6.69,21.4,114
2021/11/16,3513,1900700,12.65,10.12,7.55,0.79,6.69,21.39,114.19
2021/11/17,3479,1978700,12.65,10.07,7.55,0.81,6.7,21.38,114.88
2021/11/18,3430,2010100,12.65,10.01,7.55,0.83,6.7,21.37,114.18
2021/11/19,3396,1825600,12.66,9.96,7.54,0.85,6.71,21.36,114.37
2021/11/22,3388,1567400,12.66,9.9,7.54,0.87,6.71,21.35,114.12
2021/11/24,3416,2092900,12.66,9.84,7.54,0.89,6.72,21.34,115.21
2021/11/25,3334,1889900,12.66,9.79,7.54,0.91,6.72,21.33,115.35
2021/11/26,3382,2356600,12.66,9.73,7.54,0.93,6.73,21.32,114.93
2021/11/29,3375,2644100,12.66,9.68,7.54,0.95,6.73,21.31,113.71
2021/11/30,3306,4834900,12.67,9.62,7.53,0.97,6.73,21.3,113.8
2021/12/1,3254,2192200,12.67,9.57,7.53,0.99,6.74,21.29,113.26
2021/12/2,3256,2105900,12.67,9.51,7.53,1.01,6.74,21.28,112.96
2021/12/3,3323,1897300,12.67,9.46,7.53,1.03,6.75,21.27,113.14
2021/12/6,3339,1361500,12.67,9.4,7.53,1.05,6.75,21.26,113.09
2021/12/7,3369,1673200,12.67,9.34,7.53,1.07,6.76,21.25,113.51
2021/12/8,3345,1303800,12.67,9.29,7.53,1.09,6.76,21.24,113.57
2021/12/9,3337,926800,12.68,9.23,7.52,1.11,6.77,21.23,113.83
2021/12/10,3300,1352700,12.68,9.18,7.52,1.13,6.77,21.22,113.49
2021/12/13,3297,1013500,12.68,9.12,7.52,1.15,6.78,21.21,113.56
2021/12/14,3350,1504300,12.68,9.07,7.52,1.17,6.78,21.2,113.68
2021/12/15,3410,1305800,12.68,9.01,7.52,1.19,6.78,21.19,113.8
2021/12/16,3447,1167100,12.68,8.96,7.52,1.21,6.79,21.18,114.17
2021/12/17,3385,1887500,12.69,8.9,7.51,1.23,6.79,21.17,113.88
2021/12/20,3354,975300,12.69,8.84,7.51,1.25,6.8,21.16,113.64
2021/12/21,3415,1620100,12.69,8.79,7.51,1.27,6.8,21.15,113.68
2021/12/22,3342,1204400,12.69,8.73,7.51,1.29,6.81,21.14,114.2
2021/12/23,3375,712100,12.69,8.68,7.51,1.31,6.81,21.13,114.23
2021/12/24,3351,481400,12.69,8.62,7.51,1.33,6.82,21.12,114.41
2021/12/27,3353,688000,12.7,8.57,7.5,1.35,6.82,21.11,114.4
2021/12/28,3424,1114100,12.7,8.51,7.5,1.38,6.83,21.1,114.97
2021/12/29,3409,842800,12.7,8.46,7.5,1.4,6.83,21.09,114.89
2021/12/30,3393,1015500,12.7,8.4,7.5,1.42,6.83,21.08,115.02
2022/1/4,3462,1229700,12.66,8.37,7.5,1.44,6.84,21.07,115.02
2022/1/5,3474,1253100,12.63,8.35,7.49,1.46,6.84,21.06,115.43
2022/1/6,3423,1365200,12.59,8.32,7.49,1.48,6.85,21.05,116.23
2022/1/7,3449,1241400,12.55,8.3,7.49,1.5,6.85,21.04,116.05
2022/1/11,3412,2106600,12.51,8.27,7.48,1.52,6.86,21.03,116.01
2022/1/12,3380,1595700,12.48,8.25,7.48,1.54,6.86,21.02,115.34
2022/1/13,3350,1344100,12.44,8.22,7.48,1.56,6.87,21.01,115.34
2022/1/14,3261,1882400,12.4,8.2,7.47,1.58,6.87,21,114.68
2022/1/17,3253,1484500,12.36,8.17,7.47,1.6,6.87,20.99,114.1
2022/1/18,3212,1401100,12.33,8.15,7.47,1.62,6.88,20.98,114.35
2022/1/19,3090,2024300,12.29,8.12,7.46,1.64,6.88,20.97,114.57
2022/1/20,3142,2073800,12.25,8.09,7.46,1.66,6.89,20.96,114.72
2022/1/21,3151,1339200,12.22,8.07,7.46,1.68,6.89,20.95,114.32
2022/1/24,3137,1422700,12.18,8.04,7.45,1.7,6.9,20.94,113.85
2022/1/25,3085,1466500,12.14,8.02,7.45,1.72,6.9,20.93,113.84
2022/1/26,3084,1083500,12.1,7.99,7.45,1.74,6.91,20.92,114.02
2022/1/27,3018,1761900,12.07,7.97,7.44,1.76,6.91,20.91,113.84
2022/1/28,3095,1480600,12.03,7.94,7.44,1.78,6.92,20.9,114.68
2022/1/31,3098,1466400,11.99,7.92,7.44,1.8,6.92,20.89,115.47
2022/2/1,3094,2481000,11.95,7.89,7.43,1.82,6.92,20.88,115.44
2022/2/2,3165,1961900,11.92,7.87,7.43,1.84,6.93,20.87,115.17
2022/2/3,3183,1924100,11.88,7.84,7.43,1.86,6.93,20.86,114.71
2022/2/4,3181,1497500,11.84,7.82,7.42,1.88,6.94,20.85,114.47
2022/2/7,3143,942900,11.81,7.79,7.42,1.9,6.94,20.84,115.01
2022/2/8,3131,1131400,11.77,7.76,7.42,1.92,6.95,20.83,115.28
2022/2/9,3076,1676500,11.73,7.74,7.41,1.94,6.95,20.82,115.3
2022/2/10,3159,1622200,11.69,7.71,7.41,1.96,6.96,20.81,115.56
2022/2/14,3122,1114600,11.66,7.69,7.41,1.98,6.96,20.8,115.63
2022/2/15,3166,924300,11.62,7.66,7.4,2,6.96,20.8,115.43
2022/2/16,3209,1363900,11.58,7.64,7.4,2.02,6.97,20.79,115.43
2022/2/17,3205,1036600,11.54,7.61,7.39,2.04,6.97,20.78,115.7
2022/2/18,3221,869500,11.51,7.59,7.39,2.06,6.98,20.77,115.48
2022/2/21,3225,658700,11.47,7.56,7.39,2.08,6.98,20.76,114.96
2022/2/22,3110,1168300,11.43,7.54,7.38,2.1,6.99,20.75,115.08
2022/2/24,3099,1338300,11.39,7.51,7.38,2.12,6.99,20.74,114.78
2022/2/25,3161,1180400,11.36,7.48,7.38,2.14,7,20.73,114.96
2022/2/28,3240,1781100,11.32,7.46,7.37,2.16,7,20.72,115.58
2022/3/1,3232,1196800,11.28,7.43,7.37,2.18,7.01,20.71,115.59
2022/3/2,3253,1582400,11.25,7.41,7.37,2.2,7.01,20.7,115.28
2022/3/3,3290,1380600,11.21,7.38,7.36,2.22,7.01,20.69,115.02
2022/3/4,3309,1658300,11.17,7.36,7.36,2.24,7.02,20.68,115.63
2022/3/7,3362,2163400,11.13,7.33,7.36,2.26,7.02,20.67,115.42
2022/3/8,3186,3026400,11.1,7.31,7.35,2.28,7.03,20.66,115.02
2022/3/9,3181,2019400,11.06,7.28,7.35,2.3,7.03,20.65,115.49
2022/3/10,3339,1978300,11.02,7.26,7.35,2.32,7.04,20.64,115.89
2022/3/11,3248,2157300,10.98,7.23,7.34,2.34,7.04,20.63,116.01
2022/3/14,3246,1106600,10.95,7.21,7.34,2.36,7.05,20.62,116.32
2022/3/15,3342,1360000,10.91,7.18,7.34,2.38,7.05,20.61,117.59
2022/3/16,3339,1475200,10.87,7.15,7.33,2.4,7.05,20.6,118.25
2022/3/17,3327,1808900,10.84,7.13,7.33,2.42,7.06,20.59,118.39
2022/3/18,3377,2412600,10.8,7.1,7.33,2.44,7.06,20.58,118.99
2022/3/22,3386,1815800,10.76,7.08,7.32,2.46,7.07,20.57,118.7
2022/3/23,3454,1295800,10.72,7.05,7.32,2.48,7.07,20.56,120.02
2022/3/24,3449,1249500,10.69,7.03,7.32,2.5,7.08,20.55,121.16
2022/3/25,3471,1012000,10.65,7,7.31,2.52,7.08,20.54,121.11
2022/3/28,3437,1311300,10.61,6.98,7.31,2.54,7.09,20.53,122.04
2022/3/29,3471,1707800,10.57,6.95,7.31,2.56,7.09,20.52,122.2
2022/3/30,3476,1119200,10.54,6.93,7.3,2.58,7.1,20.51,124.25
2022/3/31,3398,1575700,10.5,6.9,7.3,2.6,7.1,20.5,122.56
2022/4/1,3424,1563100,10.53,6.85,7.45,2.63,7.11,20.49,122.41
2022/4/4,3432,1032300,10.57,6.81,7.6,2.65,7.11,20.49,122.21
2022/4/5,3374,2207100,10.6,6.76,7.75,2.68,7.12,20.48,122.44
2022/4/6,3355,1525600,10.64,6.72,7.9,2.71,7.12,20.48,122.58
2022/4/7,3441,1535100,10.67,6.67,8.05,2.73,7.13,20.47,123.9
2022/4/8,3444,1687400,10.71,6.62,8.2,2.76,7.13,20.47,123.66
2022/4/11,3443,1272700,10.74,6.58,8.34,2.79,7.14,20.46,123.9
2022/4/12,3387,1132600,10.78,6.53,8.49,2.81,7.15,20.45,124.63
2022/4/13,3401,941500,10.81,6.49,8.64,2.84,7.15,20.45,125.48
2022/4/14,3442,979600,10.84,6.44,8.79,2.87,7.16,20.44,125.63
2022/4/15,3413,804700,10.88,6.4,8.94,2.89,7.16,20.44,125.53
2022/4/18,3307,1535900,10.91,6.35,9.09,2.92,7.17,20.43,126.39
2022/4/19,3313,1512900,10.95,6.3,9.24,2.94,7.17,20.43,126.61
2022/4/20,3350,1097100,10.98,6.26,9.39,2.97,7.18,20.42,127.35
2022/4/21,3326,1743700,11.02,6.21,9.54,3,7.19,20.41,129.44
2022/4/22,3318,1094600,11.05,6.17,9.69,3.02,7.19,20.41,128.23
2022/4/25,3328,1178400,11.09,6.12,9.84,3.05,7.2,20.4,128.66
2022/4/26,3301,1289800,11.12,6.07,9.99,3.08,7.2,20.4,128.81
2022/4/27,3249,3033300,11.15,6.03,10.13,3.1,7.21,20.39,127.63
2022/4/28,3310,1680800,11.19,5.98,10.28,3.13,7.21,20.39,127.66
2022/5/2,3205,2050700,11.22,5.94,10.43,3.16,7.22,20.38,128.86
2022/5/6,3257,2145600,11.26,5.89,10.58,3.18,7.23,20.37,130.12
2022/5/9,3029,3884900,11.29,5.84,10.73,3.21,7.23,20.37,130.53
2022/5/10,2946,3379800,11.33,5.8,10.88,3.24,7.24,20.36,130.77
2022/5/11,2975,2403800,11.36,5.75,11.03,3.26,7.24,20.36,130
2022/5/12,2947,4232500,11.4,5.71,11.18,3.29,7.25,20.35,130.33
2022/5/13,3122,3361500,11.43,5.66,11.33,3.32,7.25,20.35,129.72
2022/5/16,3080,1948500,11.46,5.61,11.48,3.34,7.26,20.34,128.94
2022/5/17,3062,1099200,11.5,5.57,11.63,3.37,7.27,20.33,129.55
2022/5/18,3071,1717300,11.53,5.52,11.78,3.4,7.27,20.33,129.3
2022/5/19,3050,1192700,11.57,5.48,11.92,3.42,7.28,20.32,129.32
2022/5/20,3075,1555900,11.6,5.43,12.07,3.45,7.28,20.32,128.43
2022/5/23,3116,1173700,11.64,5.39,12.22,3.48,7.29,20.31,127.86
2022/5/24,3106,1015000,11.67,5.34,12.37,3.5,7.29,20.31,127.75
2022/5/25,3142,1752000,11.7,5.29,12.52,3.53,7.3,20.3,127.89
2022/5/26,3102,1260900,11.74,5.25,12.67,3.56,7.31,20.29,126.99
2022/5/27,3048,1321200,11.77,5.2,12.82,3.58,7.31,20.29,127.51
2022/5/30,3082,1646400,11.81,5.16,12.97,3.61,7.32,20.28,127.03
2022/5/31,3065,4154300,11.84,5.11,13.12,3.63,7.32,20.28,127
2022/6/1,2995,2742200,11.88,5.06,13.27,3.66,7.33,20.27,128.22
2022/6/2,2940,2645900,11.91,5.02,13.42,3.69,7.33,20.27,128.89
2022/6/3,2954,2092500,11.95,4.97,13.57,3.71,7.34,20.26,130.04
2022/6/6,2960,1119400,11.98,4.93,13.71,3.74,7.35,20.25,129.84
2022/6/7,2932,2023900,12.01,4.88,13.86,3.77,7.35,20.25,130.84
2022/6/8,2981,1734200,12.05,4.83,14.01,3.79,7.36,20.24,132.25
2022/6/9,2980,2068100,12.08,4.79,14.16,3.82,7.36,20.24,132.88
2022/6/10,2927,1873700,12.12,4.74,14.31,3.85,7.37,20.23,134.47
2022/6/13,2937,1494800,12.15,4.7,14.46,3.87,7.37,20.23,134.22
2022/6/14,2981,2108200,12.19,4.65,14.61,3.9,7.38,20.22,135
2022/6/15,2977,1439700,12.22,4.6,14.76,3.93,7.39,20.21,134.13
2022/6/16,2990,1613500,12.26,4.56,14.91,3.95,7.39,20.21,135.03
2022/6/17,2928,3007200,12.29,4.51,15.06,3.98,7.4,20.2,134.31
2022/6/20,2924,1130800,12.32,4.47,15.21,4.01,7.4,20.2,133.27
2022/6/21,2928,1197600,12.36,4.42,15.36,4.03,7.41,20.19,135.28
2022/6/22,2964,1119300,12.39,4.38,15.5,4.06,7.41,20.19,135.22
2022/6/23,3006,1336100,12.43,4.33,15.65,4.09,7.42,20.18,136.5
2022/6/24,3201,3891900,12.46,4.28,15.8,4.11,7.43,20.17,136.2
2022/6/27,3198,2244400,12.5,4.24,15.95,4.14,7.43,20.17,135.23
2022/6/28,3242,2153200,12.53,4.19,16.1,4.17,7.44,20.16,134.67
2022/6/29,3254,2189000,12.57,4.15,16.25,4.19,7.44,20.16,135.42
2022/6/30,3227,2390400,12.6,4.1,16.4,4.22,7.45,20.15,136.09
2022/7/1,3246,1786000,12.58,4.15,16.46,4.24,7.45,20.15,136.69
2022/7/4,3264,1299800,12.55,4.2,16.51,4.27,7.46,20.14,136.01
2022/7/5,3239,1567900,12.53,4.25,16.57,4.3,7.47,20.13,134.93
2022/7/6,3328,2152500,12.51,4.3,16.63,4.32,7.47,20.13,136.15
2022/7/7,3429,2857400,12.49,4.35,16.68,4.35,7.48,20.12,135.71
2022/7/8,3355,2368500,12.46,4.4,16.74,4.38,7.48,20.12,135.89
2022/7/11,3413,1434700,12.44,4.45,16.8,4.4,7.49,20.11,136.07
2022/7/12,3374,1458500,12.42,4.5,16.85,4.43,7.49,20.11,136.48
2022/7/13,3353,1093600,12.4,4.55,16.91,4.46,7.5,20.1,137.25
2022/7/14,3342,1299700,12.37,4.6,16.96,4.48,7.51,20.09,137.02
2022/7/15,3347,1654400,12.35,4.65,17.02,4.51,7.51,20.09,138.01
2022/7/19,3332,1108200,12.33,4.7,17.08,4.54,7.52,20.08,138.99
2022/7/20,3379,1297500,12.31,4.75,17.13,4.56,7.52,20.08,138.24
2022/7/21,3421,1460600,12.28,4.8,17.19,4.59,7.53,20.07,138.18
2022/7/22,3411,1405900,12.26,4.85,17.25,4.62,7.53,20.07,138.48
2022/7/25,3415,1188100,12.24,4.9,17.3,4.64,7.54,20.06,137.36
2022/7/26,3416,886900,12.22,4.95,17.36,4.67,7.55,20.05,136.64
2022/7/27,3446,1570800,12.19,5,17.42,4.7,7.55,20.05,136.46
2022/7/28,3442,1764700,12.17,5.05,17.47,4.72,7.56,20.04,137.01
2022/7/29,3421,1631700,12.15,5.1,17.53,4.75,7.56,20.04,136.24
2022/8/1,3641,3228800,12.13,5.15,17.59,4.78,7.57,20.03,134.63
2022/8/2,3663,2956400,12.1,5.2,17.64,4.8,7.57,20.03,132.91
2022/8/3,3606,1988200,12.08,5.25,17.7,4.83,7.58,20.02,130.9
2022/8/4,3578,1840800,12.06,5.3,17.75,4.86,7.59,20.01,133.77
2022/8/5,3632,1418900,12.04,5.35,17.81,4.88,7.59,20.01,133.67
2022/8/8,3620,856100,12.01,5.4,17.87,4.91,7.6,20,133.03
2022/8/9,3613,1122000,11.99,5.45,17.92,4.93,7.6,20,135.43
2022/8/10,3615,1020800,11.97,5.5,17.98,4.96,7.61,19.99,134.92
2022/8/12,3632,2047900,11.95,5.55,18.04,4.99,7.61,19.99,135.28
2022/8/15,3667,838800,11.92,5.6,18.09,5.01,7.62,19.98,133.34
2022/8/16,3691,1498600,11.9,5.65,18.15,5.04,7.63,19.97,133.07
2022/8/17,3733,1283300,11.88,5.7,18.21,5.07,7.63,19.97,133.2
2022/8/18,3754,1095800,11.85,5.75,18.26,5.09,7.64,19.96,134.34
2022/8/19,3751,1235800,11.83,5.8,18.32,5.12,7.64,19.96,134.97
2022/8/22,3690,1771900,11.81,5.85,18.38,5.15,7.65,19.95,136.33
2022/8/23,3663,1117300,11.79,5.9,18.43,5.17,7.65,19.95,137.23
2022/8/24,3639,994300,11.76,5.95,18.49,5.2,7.66,19.94,137.3
2022/8/25,3658,570200,11.74,6,18.55,5.23,7.67,19.93,136.92
2022/8/26,3707,1590100,11.72,6.05,18.6,5.25,7.67,19.93,136.99
2022/8/29,3679,1251900,11.7,6.1,18.66,5.28,7.68,19.92,136.76
2022/8/30,3781,1325000,11.67,6.15,18.71,5.31,7.68,19.92,138.29
2022/8/31,3776,2186200,11.65,6.2,18.77,5.33,7.69,19.91,138.48
2022/9/1,3766,1474500,11.63,6.25,18.83,5.36,7.69,19.91,138.66
2022/9/2,3736,1115500,11.61,6.3,18.88,5.39,7.7,19.9,139.55
2022/9/5,3728,839400,11.58,6.35,18.94,5.41,7.71,19.89,140.11
2022/9/6,3715,871300,11.56,6.4,19,5.44,7.71,19.89,140.32
2022/9/7,3716,1539500,11.54,6.45,19.05,5.47,7.72,19.88,140.34
2022/9/8,3822,1913200,11.52,6.5,19.11,5.49,7.72,19.88,143.03
2022/9/9,3889,3496800,11.49,6.55,19.17,5.52,7.73,19.87,144.43
2022/9/12,3898,1240400,11.47,6.6,19.22,5.54,7.73,19.87,143.82
2022/9/13,3929,1469200,11.45,6.65,19.28,5.57,7.74,19.86,142.84
2022/9/14,3893,2214900,11.43,6.7,19.34,5.6,7.75,19.85,142.61
2022/9/15,3916,1816900,11.4,6.75,19.39,5.62,7.75,19.85,144.53
2022/9/16,3890,1938200,11.38,6.8,19.45,5.65,7.76,19.84,143.33
2022/9/20,3889,1371400,11.36,6.85,19.5,5.68,7.76,19.84,143.1
2022/9/21,3848,1388800,11.34,6.9,19.56,5.7,7.77,19.83,143.28
2022/9/22,3845,1277800,11.31,6.95,19.62,5.73,7.77,19.83,143.77
2022/9/26,3803,1700300,11.29,7,19.67,5.76,7.78,19.82,144.52
2022/9/27,3856,1268400,11.27,7.05,19.73,5.78,7.79,19.81,144.03
2022/9/28,3828,2143000,11.25,7.1,19.79,5.81,7.79,19.81,144.46
2022/9/29,3907,1717300,11.22,7.15,19.84,5.84,7.8,19.8,144.76
2022/9/30,3905,2050500,11.2,7.2,19.9,5.86,7.8,19.8,144.36
2022/10/3,3870,1776500,11.21,7.25,19.9,5.89,7.81,19.79,144.81
2022/10/4,3964,1812000,11.21,7.29,19.91,5.92,7.81,19.79,144.9
2022/10/5,3971,1552600,11.22,7.34,19.91,5.94,7.82,19.78,144.78
2022/10/6,3982,1513500,11.23,7.38,19.92,5.97,7.83,19.77,143.96
2022/10/7,3967,1357000,11.23,7.43,19.92,6,7.83,19.77,144.67
2022/10/11,3938,1657700,11.24,7.47,19.93,6.02,7.84,19.76,145.02
2022/10/12,3950,1256800,11.25,7.52,19.93,6.05,7.84,19.76,145.77
2022/10/13,3906,1270700,11.25,7.56,19.94,6.08,7.85,19.75,146.21
2022/10/14,3992,2028400,11.26,7.61,19.94,6.1,7.85,19.75,146.85
2022/10/17,3960,1541900,11.26,7.65,19.95,6.13,7.86,19.74,147.43
2022/10/18,4035,1681400,11.27,7.7,19.95,6.16,7.87,19.73,148.58
2022/10/19,4042,1130600,11.28,7.74,19.96,6.18,7.87,19.73,148.91
2022/10/20,4032,1377800,11.28,7.79,19.96,6.21,7.88,19.72,149.23
2022/10/21,3976,1254500,11.29,7.83,19.97,6.23,7.88,19.72,149.99
2022/10/24,3969,956300,11.3,7.88,19.97,6.26,7.89,19.71,150.26
2022/10/25,3975,1485500,11.3,7.92,19.98,6.29,7.89,19.71,148.9
2022/10/26,4011,1085300,11.31,7.97,19.98,6.31,7.9,19.7,149.07
2022/10/27,4009,1452800,11.32,8.01,19.99,6.34,7.91,19.69,148.19
2022/10/28,3976,5930200,11.32,8.06,19.99,6.37,7.91,19.69,146.15
2022/10/31,4037,2046900,11.33,8.1,20,6.39,7.92,19.68,146.7
2022/11/1,4058,1286200,11.34,8.15,20,6.42,7.92,19.68,148.28
2022/11/2,4113,2055400,11.34,8.19,20.01,6.45,7.93,19.67,148.78
2022/11/4,4067,2447400,11.35,8.24,20.01,6.47,7.93,19.67,147.63
2022/11/7,4061,1973100,11.35,8.28,20.02,6.5,7.94,19.66,148.34
2022/11/8,4079,3731200,11.36,8.33,20.02,6.53,7.95,19.65,147.07
2022/11/9,4063,2320700,11.37,8.37,20.03,6.55,7.95,19.65,146.57
2022/11/10,4041,2358500,11.37,8.42,20.03,6.58,7.96,19.64,145.81
2022/11/11,4075,2274500,11.38,8.46,20.04,6.61,7.96,19.64,146.42
2022/11/14,4072,1765100,11.39,8.51,20.04,6.63,7.97,19.63,141.95
2022/11/15,3992,1652300,11.39,8.55,20.05,6.66,7.97,19.63,139.67
2022/11/16,4019,1330800,11.4,8.6,20.05,6.69,7.98,19.62,140.44
2022/11/17,4052,1365500,11.41,8.65,20.05,6.71,7.99,19.61,139.58
2022/11/18,4137,1616400,11.41,8.69,20.06,6.74,7.99,19.61,139.5
2022/11/21,4161,1501600,11.42,8.74,20.06,6.77,8,19.6,140.31
2022/11/22,4204,1719400,11.43,8.78,20.07,6.79,8,19.6,140.38
2022/11/24,4203,1636500,11.43,8.83,20.07,6.82,8.01,19.59,142.12
2022/11/25,4248,1499400,11.44,8.87,20.08,6.84,8.01,19.59,139.28
2022/11/28,4255,1467400,11.45,8.92,20.08,6.87,8.02,19.58,139.11
2022/11/29,4261,1626400,11.45,8.96,20.09,6.9,8.03,19.57,139.11
2022/11/30,4273,3584100,11.46,9.01,20.09,6.92,8.03,19.57,138.89
2022/12/1,4437,2584100,11.46,9.05,20.1,6.95,8.04,19.56,138.79
2022/12/2,4448,2494600,11.47,9.1,20.1,6.98,8.04,19.56,137.13
2022/12/5,4471,2449000,11.48,9.14,20.11,7,8.05,19.55,135.55
2022/12/6,4455,2842000,11.48,9.19,20.11,7.03,8.05,19.55,134.73
2022/12/7,4353,2902400,11.49,9.23,20.12,7.06,8.06,19.54,136.46
2022/12/8,4334,1965700,11.5,9.28,20.12,7.08,8.07,19.53,137.31
2022/12/9,4403,1970000,11.5,9.32,20.13,7.11,8.07,19.53,136.63
2022/12/12,4422,1464200,11.51,9.37,20.13,7.14,8.08,19.52,136.9
2022/12/13,4436,1441900,11.52,9.41,20.14,7.16,8.08,19.52,136.85
2022/12/14,4497,1365800,11.52,9.46,20.14,7.19,8.09,19.51,137.87
2022/12/15,4430,1164200,11.53,9.5,20.15,7.22,8.09,19.51,135.59
2022/12/16,4426,2263500,11.54,9.55,20.15,7.24,8.1,19.5,135.5
2022/12/19,4381,1176800,11.54,9.59,20.16,7.27,8.11,19.49,137.7
2022/12/20,4304,1617800,11.55,9.64,20.16,7.3,8.11,19.49,136.27
2022/12/21,4198,2231500,11.55,9.68,20.17,7.32,8.12,19.48,137.39
2022/12/22,4187,1933200,11.56,9.73,20.17,7.35,8.12,19.48,131.79
2022/12/23,4142,1347000,11.57,9.77,20.18,7.38,8.13,19.47,132.24
2022/12/26,4095,934000,11.57,9.82,20.18,7.4,8.13,19.47,132.82
2022/12/27,4089,989500,11.58,9.86,20.19,7.43,8.14,19.46,132.31
2022/12/28,4121,1192900,11.59,9.91,20.19,7.46,8.15,19.45,133.24
2022/12/29,4044,1513000,11.59,9.95,20.2,7.48,8.15,19.45,133.95
2022/12/30,3973,1739600,11.6,10,20.2,7.51,8.16,19.44,134.18
2023/1/4,3891,2668700,11.57,10.03,20.17,7.53,8.16,19.44,132.7
2023/1/5,3864,1795100,11.55,10.06,20.13,7.56,8.17,19.43,131.01
2023/1/6,3830,2173700,11.52,10.1,20.1,7.59,8.17,19.43,132.16
2023/1/10,3811,2754600,11.49,10.13,20.07,7.61,8.18,19.42,133.74
2023/1/11,3861,2246700,11.47,10.16,20.03,7.64,8.19,19.41,131.87
2023/1/12,3887,2224600,11.44,10.19,20,7.67,8.19,19.41,132.4
2023/1/13,3942,3362600,11.41,10.22,19.97,7.69,8.2,19.4,132
2023/1/16,4024,2416700,11.39,10.25,19.93,7.72,8.2,19.4,129.3
2023/1/17,4086,3000800,11.36,10.29,19.9,7.75,8.21,19.39,127.97
2023/1/18,4149,3698000,11.33,10.32,19.87,7.77,8.21,19.39,128.39
2023/1/19,4041,2325000,11.31,10.35,19.83,7.8,8.22,19.38,128.89
2023/1/20,4035,1624800,11.28,10.38,19.8,7.83,8.23,19.37,128.49
2023/1/23,4086,1436300,11.25,10.41,19.77,7.85,8.23,19.37,128.72
2023/1/24,4206,1809100,11.23,10.44,19.73,7.88,8.24,19.36,129.3
2023/1/25,4201,1227800,11.2,10.48,19.7,7.91,8.24,19.36,130.42
2023/1/26,4213,1322800,11.17,10.51,19.67,7.93,8.25,19.35,130.4
2023/1/27,4191,1465000,11.15,10.54,19.63,7.96,8.25,19.35,129.27
2023/1/30,4163,2097800,11.12,10.57,19.6,7.99,8.26,19.34,129.64
2023/1/31,4212,1836300,11.09,10.6,19.57,8.01,8.27,19.33,130.11
2023/2/1,4058,2880000,11.07,10.63,19.53,8.04,8.27,19.33,130.47
2023/2/2,3877,3688700,11.04,10.67,19.5,8.07,8.28,19.32,129.94
2023/2/3,3940,2394400,11.01,10.7,19.47,8.09,8.28,19.32,128.5
2023/2/6,3962,1425900,10.99,10.73,19.43,8.12,8.29,19.31,128.75
2023/2/7,4042,2514200,10.96,10.76,19.4,8.14,8.29,19.31,132.44
2023/2/8,4041,1372700,10.93,10.79,19.37,8.17,8.3,19.3,132.58
2023/2/9,4016,1092400,10.91,10.82,19.33,8.2,8.31,19.29,130.93
2023/2/10,4005,1941000,10.88,10.86,19.3,8.22,8.31,19.29,131.63
2023/2/13,3981,1286500,10.85,10.89,19.27,8.25,8.32,19.28,131.7
2023/2/14,4015,722200,10.83,10.92,19.23,8.28,8.32,19.28,131.79
2023/2/15,3949,1128300,10.8,10.95,19.2,8.3,8.33,19.27,132.33
2023/2/16,3953,1262900,10.77,10.98,19.17,8.33,8.33,19.27,132.77
2023/2/17,3980,1226700,10.75,11.01,19.13,8.36,8.34,19.26,134.15
2023/2/20,4064,1196900,10.72,11.05,19.1,8.38,8.35,19.25,134.4
2023/2/21,4056,1313300,10.69,11.08,19.07,8.41,8.35,19.25,134.47
2023/2/22,4016,1304100,10.67,11.11,19.03,8.44,8.36,19.24,134.32
2023/2/24,4077,1541300,10.64,11.14,19,8.46,8.36,19.24,134.9
2023/2/27,3962,2588000,10.61,11.17,18.97,8.49,8.37,19.23,134.31
2023/2/28,3960,2438100,10.59,11.2,18.93,8.52,8.37,19.23,136.24
2023/3/1,4329,7527300,10.56,11.24,18.9,8.54,8.38,19.22,136.34
2023/3/2,4298,2172700,10.53,11.27,18.87,8.57,8.39,19.21,136.4
2023/3/3,4390,2150000,10.51,11.3,18.83,8.6,8.39,19.21,136.2
2023/3/6,4386,1672500,10.48,11.33,18.8,8.62,8.4,19.2,136.71
2023/3/7,4338,1579400,10.45,11.36,18.77,8.65,8.4,19.2,135.92
2023/3/8,4286,1818700,10.43,11.39,18.73,8.68,8.41,19.19,136.13
2023/3/9,4436,2074700,10.4,11.43,18.7,8.7,8.41,19.19,137.4
2023/3/10,4456,2603600,10.37,11.46,18.67,8.73,8.42,19.18,137.11
2023/3/13,4409,1355600,10.35,11.49,18.63,8.76,8.43,19.17,136.06
2023/3/14,4438,1935500,10.32,11.52,18.6,8.78,8.43,19.17,134.37
2023/3/15,4440,1272800,10.29,11.55,18.57,8.81,8.44,19.16,133.22
2023/3/16,4369,1603800,10.27,11.58,18.53,8.83,8.44,19.16,134.64
2023/3/17,4426,1891900,10.24,11.62,18.5,8.86,8.45,19.15,133.3
2023/3/20,4386,1259800,10.21,11.65,18.47,8.89,8.45,19.15,133.61
2023/3/22,4373,1627000,10.19,11.68,18.43,8.91,8.46,19.14,132.69
2023/3/23,4388,1137100,10.16,11.71,18.4,8.94,8.47,19.13,132.57
2023/3/24,4437,1208400,10.13,11.74,18.37,8.97,8.47,19.13,130.97
2023/3/27,4381,1434900,10.11,11.77,18.33,8.99,8.48,19.12,130.69
2023/3/28,4496,1419900,10.08,11.81,18.3,9.02,8.48,19.12,130.69
2023/3/29,4538,1646700,10.05,11.84,18.27,9.05,8.49,19.11,130.65
2023/3/30,4579,1544700,10.03,11.87,18.23,9.07,8.49,19.11,131.31
2023/3/31,4577,1533500,10,11.9,18.2,9.1,8.5,19.1,132.64
2023/4/3,4652,1478600,10.04,11.8,18,9.09,8.5,19.1,133.54
2023/4/4,4657,1218900,10.08,11.7,17.79,9.09,8.5,19.11,133.12
2023/4/5,4559,1347500,10.13,11.6,17.59,9.08,8.5,19.11,132.62
2023/4/6,4632,1852100,10.17,11.5,17.39,9.07,8.5,19.11,131.58
2023/4/7,4615,886200,10.21,11.4,17.18,9.07,8.5,19.12,131.2
2023/4/10,4691,1053100,10.25,11.3,16.98,9.06,8.5,19.12,131.83
2023/4/11,4699,1258200,10.29,11.2,16.78,9.05,8.49,19.13,132.67
2023/4/12,4709,1258000,10.34,11.1,16.57,9.05,8.49,19.13,133.48
2023/4/13,4689,1124400,10.38,11,16.37,9.04,8.49,19.13,133.74
2023/4/14,4790,1589000,10.42,10.9,16.17,9.03,8.49,19.14,133.34
2023/4/17,4774,857100,10.46,10.8,15.96,9.03,8.49,19.14,132.53
2023/4/18,4836,928300,10.5,10.7,15.76,9.02,8.49,19.14,133.86
2023/4/19,4855,975100,10.55,10.6,15.56,9.01,8.49,19.15,134.42
2023/4/20,4828,869700,10.59,10.5,15.35,9.01,8.49,19.15,134.14
2023/4/21,4848,859300,10.63,10.4,15.15,9,8.49,19.16,134.92
2023/4/24,4857,667300,10.67,10.3,14.95,9,8.49,19.16,134.32
2023/4/25,4812,1067000,10.71,10.2,14.75,8.99,8.49,19.16,134.14
2023/4/26,4791,1336600,10.75,10.1,14.54,8.98,8.49,19.17,134.35
2023/4/27,4794,1402400,10.8,10,14.34,8.98,8.48,19.17,133.75
2023/4/28,4854,1588800,10.84,9.9,14.14,8.97,8.48,19.17,133.75
2023/5/1,4920,1191400,10.88,9.8,13.93,8.96,8.48,19.18,134.14
2023/5/2,4877,1921400,10.92,9.7,13.73,8.96,8.48,19.18,136.85
2023/5/8,4830,1719300,10.96,9.6,13.53,8.95,8.48,19.18,137.67
2023/5/9,4886,1283400,11.01,9.5,13.32,8.94,8.48,19.19,135.12
2023/5/10,4783,1779400,11.05,9.4,13.12,8.94,8.48,19.19,135.3
2023/5/11,4801,1441400,11.09,9.3,12.92,8.93,8.48,19.2,135.2
2023/5/12,4820,3520200,11.13,9.2,12.71,8.92,8.48,19.2,134.18
2023/5/15,5062,2492700,11.17,9.1,12.51,8.92,8.48,19.2,134.64
2023/5/16,5040,2362700,11.22,9,12.31,8.91,8.48,19.21,136.03
2023/5/17,5057,1242900,11.26,8.9,12.1,8.9,8.48,19.21,136.05
2023/5/18,5127,2120700,11.3,8.8,11.9,8.9,8.47,19.21,136.49
2023/5/19,5118,1939000,11.34,8.7,11.7,8.89,8.47,19.22,137.62
2023/5/22,5253,2237800,11.38,8.6,11.49,8.88,8.47,19.22,138.47
2023/5/23,5281,2365400,11.43,8.5,11.29,8.88,8.47,19.23,137.75
2023/5/24,5235,1527800,11.47,8.4,11.09,8.87,8.47,19.23,138.45
2023/5/25,5344,2325000,11.51,8.3,10.88,8.86,8.47,19.23,138.61
2023/5/26,5417,2059200,11.55,8.2,10.68,8.86,8.47,19.24,139.55
2023/5/29,5409,1595800,11.59,8.1,10.48,8.85,8.47,19.24,139.87
2023/5/30,5388,1082600,11.64,8,10.27,8.84,8.47,19.24,140.76
2023/5/31,5387,3184300,11.68,7.9,10.07,8.84,8.47,19.25,140.25
2023/6/1,5441,1255900,11.72,7.8,9.87,8.83,8.47,19.25,139.75
2023/6/2,5507,1876600,11.76,7.7,9.66,8.82,8.47,19.25,139.24
2023/6/5,5627,2594100,11.8,7.6,9.46,8.82,8.46,19.26,138.99
2023/6/6,5841,2675000,11.85,7.5,9.26,8.81,8.46,19.26,140.17
2023/6/7,5683,3801800,11.89,7.4,9.05,8.8,8.46,19.27,139.62
2023/6/8,5595,2205000,11.93,7.3,8.85,8.8,8.46,19.27,139.52
2023/6/9,5611,3370800,11.97,7.2,8.65,8.79,8.46,19.27,140.03
2023/6/12,5575,1950100,12.01,7.1,8.45,8.79,8.46,19.28,139.15
2023/6/13,5644,2003300,12.05,7,8.24,8.78,8.46,19.28,139.43
2023/6/14,5696,2060500,12.1,6.9,8.04,8.77,8.46,19.28,139.7
2023/6/15,5698,1534600,12.14,6.8,7.84,8.77,8.46,19.29,140.09
2023/6/16,5752,3698400,12.18,6.7,7.63,8.76,8.46,19.29,140.4
2023/6/19,5649,1351700,12.22,6.6,7.43,8.75,8.46,19.3,140.32
2023/6/20,5626,1326200,12.26,6.5,7.23,8.75,8.46,19.3,142
2023/6/21,5643,1182700,12.31,6.4,7.02,8.74,8.45,19.3,142.21
2023/6/22,5618,987500,12.35,6.3,6.82,8.73,8.45,19.31,141.66
2023/6/23,5625,1229900,12.39,6.2,6.62,8.73,8.45,19.31,141.96
2023/6/26,5737,1900900,12.43,6.1,6.41,8.72,8.45,19.31,143.18
2023/6/27,5644,2054500,12.47,6,6.21,8.71,8.45,19.32,143.5
2023/6/28,5711,1190300,12.52,5.9,6.01,8.71,8.45,19.32,143.61
2023/6/29,5710,1218700,12.56,5.8,5.8,8.7,8.45,19.33,143.85
2023/6/30,5688,1982900,12.6,5.7,5.6,8.69,8.45,19.33,144.33
2023/7/3,5732,1129800,12.58,5.66,5.58,8.69,8.45,19.33,144.99
2023/7/4,5596,1538000,12.55,5.61,5.56,8.68,8.45,19.34,144.52
2023/7/5,5591,1429500,12.53,5.57,5.54,8.67,8.45,19.34,144.51
2023/7/6,5658,2073500,12.5,5.53,5.52,8.67,8.45,19.34,144.56
2023/7/7,5580,1724600,12.48,5.48,5.5,8.66,8.45,19.35,144.41
2023/7/10,5579,1449000,12.45,5.44,5.47,8.65,8.44,19.35,144.19
2023/7/11,5425,1890100,12.43,5.4,5.45,8.65,8.44,19.35,142.56
2023/7/12,5349,1370200,12.41,5.35,5.43,8.64,8.44,19.36,141.48
2023/7/13,5412,1182000,12.38,5.31,5.41,8.63,8.44,19.36,139.9
2023/7/14,5427,1286400,12.36,5.26,5.39,8.63,8.44,19.37,138.68
2023/7/18,5519,1542600,12.33,5.22,5.37,8.62,8.44,19.37,138.07
2023/7/19,5573,1269000,12.31,5.18,5.35,8.61,8.44,19.37,138.88
2023/7/20,5511,955900,12.29,5.13,5.33,8.61,8.44,19.38,139.04
2023/7/21,5525,877100,12.26,5.09,5.31,8.6,8.44,19.38,139.7
2023/7/24,5548,760300,12.24,5.05,5.29,8.6,8.44,19.38,140.08
2023/7/25,5556,979400,12.21,5,5.26,8.59,8.44,19.39,141.83
2023/7/26,5536,1189300,12.19,4.96,5.24,8.58,8.44,19.39,141.58
2023/7/27,5549,1006100,12.16,4.92,5.22,8.58,8.43,19.4,141.09
2023/7/28,5387,2752400,12.14,4.87,5.2,8.57,8.43,19.4,140.34
2023/7/31,5502,1823100,12.12,4.83,5.18,8.56,8.43,19.4,139.49
2023/8/1,5563,936200,12.09,4.79,5.16,8.56,8.43,19.41,140.97
2023/8/2,5548,1701400,12.07,4.74,5.14,8.55,8.43,19.41,142.44
2023/8/3,5467,1525700,12.04,4.7,5.12,8.54,8.43,19.41,143.2
2023/8/4,5483,2104300,12.02,4.65,5.1,8.54,8.43,19.42,143.47
2023/8/7,5354,2661400,12,4.61,5.08,8.53,8.43,19.42,142.88
2023/8/8,5570,2292000,11.97,4.57,5.05,8.52,8.43,19.42,141.67
2023/8/9,5677,1568400,11.95,4.52,5.03,8.52,8.43,19.43,143.07
2023/8/10,5796,1831500,11.92,4.48,5.01,8.51,8.43,19.43,143.47
2023/8/14,5730,1330900,11.9,4.44,4.99,8.5,8.43,19.44,143.97
2023/8/15,5806,1062700,11.87,4.39,4.97,8.5,8.42,19.44,145.11
2023/8/16,5797,1199400,11.85,4.35,4.95,8.49,8.42,19.44,145.6
2023/8/17,5756,1428500,11.83,4.31,4.93,8.48,8.42,19.45,145.72
2023/8/18,5695,1200600,11.8,4.26,4.91,8.48,8.42,19.45,146.5
2023/8/21,5676,1167600,11.78,4.22,4.89,8.47,8.42,19.45,145.72
2023/8/22,5742,978100,11.75,4.18,4.87,8.46,8.42,19.46,145.31
2023/8/23,5807,1100100,11.73,4.13,4.85,8.46,8.42,19.46,146.3
2023/8/24,5991,1913700,11.7,4.09,4.82,8.45,8.42,19.47,145.76
2023/8/25,5852,1343200,11.68,4.05,4.8,8.44,8.42,19.47,144.89
2023/8/28,6016,1094400,11.66,4,4.78,8.44,8.42,19.47,146.23
2023/8/29,6014,1140700,11.63,3.96,4.76,8.43,8.42,19.48,146.52
2023/8/30,6057,1126100,11.61,3.91,4.74,8.42,8.42,19.48,146.52
2023/8/31,6134,1768100,11.58,3.87,4.72,8.42,8.41,19.48,146.06
2023/9/1,6093,1171400,11.56,3.83,4.7,8.41,8.41,19.49,146.22
2023/9/4,6042,1287100,11.54,3.78,4.68,8.4,8.41,19.49,145.75
2023/9/5,6075,1024200,11.51,3.74,4.66,8.4,8.41,19.49,146.25
2023/9/6,6061,864200,11.49,3.7,4.64,8.39,8.41,19.5,146.59
2023/9/7,6071,950500,11.46,3.65,4.61,8.39,8.41,19.5,147.85
2023/9/8,6029,1729900,11.44,3.61,4.59,8.38,8.41,19.51,147.94
2023/9/11,6058,912900,11.41,3.57,4.57,8.37,8.41,19.51,147.02
2023/9/12,6093,1443400,11.39,3.52,4.55,8.37,8.41,19.51,147
2023/9/13,5967,1290500,11.37,3.48,4.53,8.36,8.41,19.52,146.72
2023/9/14,6027,1064700,11.34,3.44,4.51,8.35,8.41,19.52,147.33
2023/9/15,6018,2474700,11.32,3.39,4.49,8.35,8.41,19.52,147.21
2023/9/19,5813,2337200,11.29,3.35,4.47,8.34,8.4,19.53,147.64
2023/9/20,5645,2911300,11.27,3.3,4.45,8.33,8.4,19.53,147.73
2023/9/21,5697,1394500,11.25,3.26,4.43,8.33,8.4,19.54,147.86
2023/9/22,5782,2144700,11.22,3.22,4.4,8.32,8.4,19.54,148.46
2023/9/25,5859,1344700,11.2,3.17,4.38,8.31,8.4,19.54,147.66
2023/9/26,5786,1375700,11.17,3.13,4.36,8.31,8.4,19.55,148.5
2023/9/27,5796,1405300,11.15,3.09,4.34,8.3,8.4,19.55,148.93
2023/9/28,5768,1715900,11.12,3.04,4.32,8.29,8.4,19.55,149.13
2023/9/29,5764,1764600,11.1,3,4.3,8.29,8.4,19.56,149.6
2023/10/2,5719,1158000,11.12,3.07,4.33,8.28,8.4,19.56,149.58
2023/10/3,5678,1144600,11.13,3.14,4.36,8.27,8.4,19.56,149.75
2023/10/4,5562,1550300,11.14,3.2,4.39,8.27,8.4,19.57,149.93
2023/10/5,5745,1505700,11.15,3.27,4.42,8.26,8.4,19.57,149.3
2023/10/6,5900,1929400,11.15,3.34,4.45,8.25,8.39,19.58,148.93
2023/10/10,5927,1481000,11.16,3.41,4.48,8.25,8.39,19.58,148.75
2023/10/11,5868,1450600,11.17,3.47,4.5,8.24,8.39,19.58,148.6
2023/10/12,5922,1526400,11.18,3.54,4.53,8.23,8.39,19.59,148.65
2023/10/13,5862,2160700,11.19,3.61,4.56,8.23,8.39,19.59,149.26
2023/10/16,5711,1219300,11.2,3.68,4.59,8.22,8.39,19.59,149.94
2023/10/17,5728,1043600,11.21,3.74,4.62,8.21,8.39,19.6,149.58
2023/10/18,5711,1413500,11.22,3.81,4.65,8.21,8.39,19.6,149.59
2023/10/19,5577,1481200,11.22,3.88,4.68,8.2,8.39,19.61,149.85
2023/10/20,5565,1175400,11.23,3.95,4.71,8.2,8.39,19.61,149.89
2023/10/23,5560,937600,11.24,4.01,4.74,8.19,8.39,19.61,149.97
2023/10/24,5610,1334500,11.25,4.08,4.77,8.18,8.39,19.62,149.89
2023/10/25,5609,771600,11.26,4.15,4.8,8.18,8.38,19.62,149.8
2023/10/26,5533,1061900,11.27,4.22,4.83,8.17,8.38,19.62,149.99
2023/10/27,5511,1611100,11.28,4.28,4.85,8.16,8.38,19.63,150.25
2023/10/30,5400,2303300,11.29,4.35,4.88,8.16,8.38,19.63,150.44
2023/10/31,5480,1647700,11.29,4.42,4.91,8.15,8.38,19.63,149.86
2023/11/1,5589,1647900,11.3,4.49,4.94,8.14,8.38,19.64,149.86
2023/11/2,5641,1357500,11.31,4.55,4.97,8.14,8.38,19.64,151.49
2023/11/6,5982,3051600,11.32,4.62,5,8.13,8.38,19.65,150.62
2023/11/7,5371,6998100,11.33,4.69,5.03,8.12,8.38,19.65,149.67
2023/11/8,5369,3191400,11.34,4.76,5.06,8.12,8.38,19.65,150.11
2023/11/9,5500,2287500,11.35,4.82,5.09,8.11,8.38,19.66,150.67
2023/11/10,5600,2095400,11.36,4.89,5.12,8.1,8.38,19.66,151.08
2023/11/13,5736,2171000,11.36,4.96,5.15,8.1,8.37,19.66,151.43
2023/11/14,5654,4059100,11.37,5.03,5.18,8.09,8.37,19.67,151.71
2023/11/15,5700,2405700,11.38,5.09,5.2,8.08,8.37,19.67,151.77
2023/11/16,5673,1984300,11.39,5.16,5.23,8.08,8.37,19.68,150.7
2023/11/17,5688,1851500,11.4,5.23,5.26,8.07,8.37,19.68,151.34
2023/11/20,5633,5582700,11.41,5.3,5.29,8.06,8.37,19.68,150.77
2023/11/21,5533,5780600,11.42,5.36,5.32,8.06,8.37,19.69,149.95
2023/11/22,5573,3276700,11.42,5.43,5.35,8.05,8.37,19.69,148.19
2023/11/24,5560,2404400,11.43,5.5,5.38,8.04,8.37,19.69,148.3
2023/11/27,5574,2201200,11.44,5.57,5.41,8.04,8.37,19.7,149.64
2023/11/28,5642,9537500,11.45,5.63,5.44,8.03,8.37,19.7,149.53
2023/11/29,5504,3136200,11.46,5.7,5.47,8.02,8.37,19.7,148.14
2023/11/30,5526,3289400,11.47,5.77,5.5,8.02,8.36,19.71,146.87
2023/12/1,5533,1443500,11.48,5.84,5.53,8.01,8.36,19.71,147.09
2023/12/4,5480,1469900,11.49,5.9,5.55,8,8.36,19.72,147.86
2023/12/5,5501,2262600,11.49,5.97,5.58,8,8.36,19.72,146.39
2023/12/6,5557,1668700,11.5,6.04,5.61,7.99,8.36,19.72,147.15
2023/12/7,5538,1362000,11.51,6.11,5.64,7.99,8.36,19.73,147.23
2023/12/8,5273,3017100,11.52,6.17,5.67,7.98,8.36,19.73,147.16
2023/12/11,5309,1803400,11.53,6.24,5.7,7.97,8.36,19.73,143.14
2023/12/12,5311,1483600,11.54,6.31,5.73,7.97,8.36,19.74,145.39
2023/12/13,5284,1104600,11.55,6.38,5.76,7.96,8.36,19.74,145.83
2023/12/14,5132,2655900,11.56,6.44,5.79,7.95,8.36,19.75,145.67
2023/12/15,5083,4423400,11.56,6.51,5.82,7.95,8.36,19.75,142.53
2023/12/18,5062,2087500,11.57,6.58,5.85,7.94,8.35,19.75,142.45
2023/12/19,5257,1784900,11.58,6.65,5.88,7.93,8.35,19.76,142.16
2023/12/20,5466,2824400,11.59,6.71,5.9,7.93,8.35,19.76,142.71
2023/12/21,5420,1568100,11.6,6.78,5.93,7.92,8.35,19.76,144.04
2023/12/22,5399,1335000,11.61,6.85,5.96,7.91,8.35,19.77,143.51
2023/12/25,5368,523400,11.62,6.92,5.99,7.91,8.35,19.77,142.34
2023/12/26,5388,791400,11.63,6.98,6.02,7.9,8.35,19.78,142.2
2023/12/27,5436,1138300,11.63,7.05,6.05,7.89,8.35,19.78,142.21
2023/12/28,5452,791400,11.64,7.12,6.08,7.89,8.35,19.78,142.73
2023/12/29,5440,965700,11.65,7.19,6.11,7.88,8.35,19.79,141.88
2024/1/4,5496,1679800,11.66,7.25,6.14,7.87,8.35,19.79,141.82
2024/1/5,5516,1190500,11.69,7.32,6.17,7.87,8.35,19.79,143.44
2024/1/9,5571,1348800,11.71,7.39,6.2,7.86,8.35,19.8,144.97
2024/1/10,5690,1967200,11.74,7.46,6.23,7.85,8.34,19.8,143.95
2024/1/11,5824,2515700,11.76,7.52,6.25,7.85,8.34,19.8,145.63
2024/1/12,5808,2637200,11.79,7.59,6.28,7.84,8.34,19.81,145.32
2024/1/15,5800,319000,11.81,7.66,6.31,7.83,8.34,19.81,145.15
2024/1/16,5843,1243400,11.84,7.73,6.34,7.83,8.34,19.82,145.92
2024/1/17,5801,401200,11.86,7.79,6.37,7.82,8.34,19.82,147.44
2024/1/18,5860,665700,11.89,7.86,6.4,7.81,8.34,19.82,148.23
2024/1/19,5908,683081,11.91,7.95,6.43,7.84,8.35,19.82,148.2
2024/1/22,6145,700463,11.94,8.04,6.46,7.87,8.37,19.83,148.17
2024/1/23,6169,717844,11.96,8.13,6.49,7.9,8.38,19.83,148.17
2024/1/24,6022,735225,11.99,8.21,6.52,7.93,8.4,19.84,148.16
2024/1/25,6066,752606,12.01,8.3,6.55,7.95,8.41,19.84,147.85
2024/1/26,5925,769988,12.04,8.39,6.58,7.98,8.42,19.84,147.65
2024/1/29,6012,787369,12.06,8.48,6.6,8.01,8.44,19.85,148.28
2024/1/30,6000,804750,12.09,8.57,6.63,8.04,8.45,19.85,147.38
2024/1/31,6087,822131,12.11,8.66,6.66,8.07,8.46,19.85,147.55
2024/2/1,6012,1869500,12.14,8.74,6.69,8.1,8.48,19.86,146.84
2024/2/2,6000,1365600,12.17,8.83,6.72,8.13,8.49,19.86,146.48
2024/2/5,6053,1469900,12.19,8.92,6.75,8.16,8.51,19.87,148.79
2024/2/6,5993,2331900,12.22,9.01,6.78,8.19,8.52,19.87,148.69
2024/2/7,5658,4417800,12.24,9.1,6.81,8.22,8.53,19.87,147.88
2024/2/8,5770,2650100,12.27,9.19,6.84,8.24,8.55,19.88,148.16
2024/2/9,5736,1946600,12.29,9.27,6.87,8.27,8.56,19.88,149.53
2024/2/13,5873,1937900,12.32,9.36,6.9,8.3,8.57,19.88,149.39
2024/2/14,5717,2550500,12.34,9.45,6.93,8.33,8.59,19.89,150.67
2024/2/15,,995944,12.37,9.54,6.95,8.36,8.6,19.89,150.67
2024/2/16,,1013325,12.39,9.63,6.98,8.39,8.62,19.9,150.67
2024/2/19,,1030706,12.42,9.72,7.01,8.42,8.63,19.9,150.67
2024/2/20,,1048088,12.44,9.8,7.04,8.45,8.64,19.9,150.67
2024/2/21,,1065469,12.47,9.89,7.07,8.48,8.66,19.91,150.67
2024/2/22,,1082850,12.49,9.98,7.1,8.51,8.67,19.91,150.67
2024/2/26,,1100231,12.52,10.07,7.13,8.53,8.68,19.91,150.67
2024/2/27,,1117613,12.54,10.16,7.16,8.56,8.7,19.92,150.67
2024/2/28,,1134994,12.57,10.25,7.19,8.59,8.71,19.92,150.67
2024/2/29,,1152375,12.59,10.33,7.22,8.62,8.73,19.93,150.67
2024/3/1,,1169756,12.62,10.42,7.25,8.65,8.74,19.93,150.67
2024/3/4,,1187138,12.65,10.51,7.28,8.68,8.75,19.93,150.67
2024/3/5,,1204519,12.67,10.6,7.3,8.71,8.77,19.94,150.67
2024/3/6,,1204519,12.68,10.63,7.31,8.72,8.77,19.94,150.67
2024/3/7,,1204519,12.69,10.66,7.32,8.73,8.78,19.94,150.67
2024/3/8,,1221900,12.7,10.69,7.33,8.74,8.78,19.94,150.67
2024/3/9,,1239281,12.72,10.78,7.36,8.77,8.79,19.94,150.67
2024/3/10,,1256663,12.75,10.86,7.39,8.79,8.81,19.95,150.67
2024/3/11,,1274044,12.77,10.95,7.42,8.82,8.82,19.95,150.67
2024/3/12,,1291425,12.8,11.04,7.45,8.85,8.84,19.96,150.67
2024/3/13,,1308806,12.82,11.13,7.48,8.88,8.85,19.96,150.67
2024/3/14,,1326188,12.85,11.22,7.51,8.91,8.86,19.96,150.67
2024/3/15,,1343569,12.87,11.31,7.54,8.94,8.88,19.97,150.67
2024/3/18,,1360950,12.9,11.39,7.57,8.97,8.89,19.97,150.67
2024/3/19,,1378331,12.92,11.48,7.6,9,8.9,19.97,150.67
2024/3/21,,1395713,12.95,11.57,7.63,9.03,8.92,19.98,150.67
2024/3/22,,1413094,12.97,11.66,7.65,9.06,8.93,19.98,150.67
2024/3/25,,1430475,13,11.75,7.68,9.08,8.95,19.99,150.67
2024/3/26,,1447856,13.02,11.84,7.71,9.11,8.96,19.99,150.67
2024/3/27,,1465238,13.05,11.92,7.74,9.14,8.97,19.99,150.67
2024/3/28,,1482619,13.07,12.01,7.77,9.17,8.99,20,150.67
2024/3/29,,1500000,13.1,12.1,7.8,9.2,9,20,150.67
